pvalue,log2FoldChange,pct.1,pct.2,padj,Gene,comparison
1.74E-78,1.787109806,0.98,0.902,3.68E-74,IRF1,Illeum_24h_Inmature Enterocyte 2_Infected_v_Illeum_Mock_Inmature Enterocyte 2_Non-Infected
9.03E-72,4.202602214,1,0,1.91E-67,COVID19,Illeum_24h_Inmature Enterocyte 2_Infected_v_Illeum_Mock_Inmature Enterocyte 2_Non-Infected
7.26E-67,1.461527451,0.88,0.706,1.54E-62,DDX60L,Illeum_24h_Inmature Enterocyte 2_Infected_v_Illeum_Mock_Inmature Enterocyte 2_Non-Infected
2.94E-65,2.055600476,1,0.937,6.22E-61,JUN,Illeum_24h_Inmature Enterocyte 2_Infected_v_Illeum_Mock_Inmature Enterocyte 2_Non-Infected
6.17E-64,1.465050939,0.88,0.523,1.31E-59,XAF1,Illeum_24h_Inmature Enterocyte 2_Infected_v_Illeum_Mock_Inmature Enterocyte 2_Non-Infected
8.05E-64,-1.310718014,0.8,0.996,1.70E-59,CD63,Illeum_24h_Inmature Enterocyte 2_Infected_v_Illeum_Mock_Inmature Enterocyte 2_Non-Infected
1.54E-63,1.984018474,0.94,0.551,3.27E-59,IFIT3,Illeum_24h_Inmature Enterocyte 2_Infected_v_Illeum_Mock_Inmature Enterocyte 2_Non-Infected
6.56E-59,1.315792555,0.92,0.758,1.39E-54,IFIH1,Illeum_24h_Inmature Enterocyte 2_Infected_v_Illeum_Mock_Inmature Enterocyte 2_Non-Infected
9.92E-58,-1.415544599,0.84,0.993,2.10E-53,TSPAN1,Illeum_24h_Inmature Enterocyte 2_Infected_v_Illeum_Mock_Inmature Enterocyte 2_Non-Infected
2.31E-57,1.180059168,0.92,0.73,4.89E-53,REL,Illeum_24h_Inmature Enterocyte 2_Infected_v_Illeum_Mock_Inmature Enterocyte 2_Non-Infected
1.12E-56,1.399092244,0.94,0.534,2.36E-52,DDX58,Illeum_24h_Inmature Enterocyte 2_Infected_v_Illeum_Mock_Inmature Enterocyte 2_Non-Infected
1.15E-56,1.81545616,0.82,0.586,2.43E-52,CXCL11,Illeum_24h_Inmature Enterocyte 2_Infected_v_Illeum_Mock_Inmature Enterocyte 2_Non-Infected
1.18E-55,2.688070983,0.9,0.346,2.50E-51,IFIT2,Illeum_24h_Inmature Enterocyte 2_Infected_v_Illeum_Mock_Inmature Enterocyte 2_Non-Infected
3.21E-55,1.517399497,0.94,0.671,6.80E-51,TNFAIP3,Illeum_24h_Inmature Enterocyte 2_Infected_v_Illeum_Mock_Inmature Enterocyte 2_Non-Infected
2.84E-54,-1.412704899,0.96,1,6.01E-50,EPCAM,Illeum_24h_Inmature Enterocyte 2_Infected_v_Illeum_Mock_Inmature Enterocyte 2_Non-Infected
3.78E-54,-1.069730885,0.82,0.998,8.00E-50,CYBA,Illeum_24h_Inmature Enterocyte 2_Infected_v_Illeum_Mock_Inmature Enterocyte 2_Non-Infected
5.21E-54,0.951164695,0.88,0.802,1.10E-49,ZNFX1,Illeum_24h_Inmature Enterocyte 2_Infected_v_Illeum_Mock_Inmature Enterocyte 2_Non-Infected
4.03E-53,-1.386684031,0.96,0.998,8.53E-49,KRT20,Illeum_24h_Inmature Enterocyte 2_Infected_v_Illeum_Mock_Inmature Enterocyte 2_Non-Infected
7.63E-53,2.13530107,1,0.891,1.62E-48,NFKBIA,Illeum_24h_Inmature Enterocyte 2_Infected_v_Illeum_Mock_Inmature Enterocyte 2_Non-Infected
4.64E-52,1.271062705,0.88,0.636,9.82E-48,SAMD9,Illeum_24h_Inmature Enterocyte 2_Infected_v_Illeum_Mock_Inmature Enterocyte 2_Non-Infected
4.55E-51,-1.053298272,1,1,9.63E-47,KRT19,Illeum_24h_Inmature Enterocyte 2_Infected_v_Illeum_Mock_Inmature Enterocyte 2_Non-Infected
6.86E-51,1.348765394,1,0.948,1.45E-46,IER2,Illeum_24h_Inmature Enterocyte 2_Infected_v_Illeum_Mock_Inmature Enterocyte 2_Non-Infected
8.34E-50,-1.089825517,1,1,1.77E-45,TSPAN8,Illeum_24h_Inmature Enterocyte 2_Infected_v_Illeum_Mock_Inmature Enterocyte 2_Non-Infected
1.97E-49,-1.048444072,0.72,0.996,4.18E-45,TMBIM6,Illeum_24h_Inmature Enterocyte 2_Infected_v_Illeum_Mock_Inmature Enterocyte 2_Non-Infected
5.65E-49,1.017955603,0.94,0.834,1.20E-44,RBBP6,Illeum_24h_Inmature Enterocyte 2_Infected_v_Illeum_Mock_Inmature Enterocyte 2_Non-Infected
1.12E-48,-1.098147883,0.98,1,2.37E-44,ACTB,Illeum_24h_Inmature Enterocyte 2_Infected_v_Illeum_Mock_Inmature Enterocyte 2_Non-Infected
1.16E-48,1.757371882,0.98,0.924,2.46E-44,ISG15,Illeum_24h_Inmature Enterocyte 2_Infected_v_Illeum_Mock_Inmature Enterocyte 2_Non-Infected
7.77E-48,1.272456004,0.82,0.307,1.65E-43,MX2,Illeum_24h_Inmature Enterocyte 2_Infected_v_Illeum_Mock_Inmature Enterocyte 2_Non-Infected
5.54E-47,1.076225951,0.88,0.614,1.17E-42,EPSTI1,Illeum_24h_Inmature Enterocyte 2_Infected_v_Illeum_Mock_Inmature Enterocyte 2_Non-Infected
7.33E-47,0.792576975,0.92,0.697,1.55E-42,PARP9,Illeum_24h_Inmature Enterocyte 2_Infected_v_Illeum_Mock_Inmature Enterocyte 2_Non-Infected
8.10E-47,1.051847902,0.84,0.569,1.72E-42,OAS3,Illeum_24h_Inmature Enterocyte 2_Infected_v_Illeum_Mock_Inmature Enterocyte 2_Non-Infected
9.00E-47,1.725158744,0.92,0.667,1.91E-42,ZC3HAV1,Illeum_24h_Inmature Enterocyte 2_Infected_v_Illeum_Mock_Inmature Enterocyte 2_Non-Infected
1.32E-46,0.849896287,0.78,0.501,2.81E-42,HELZ2,Illeum_24h_Inmature Enterocyte 2_Infected_v_Illeum_Mock_Inmature Enterocyte 2_Non-Infected
4.68E-45,1.007913183,0.92,0.885,9.92E-41,SPEN,Illeum_24h_Inmature Enterocyte 2_Infected_v_Illeum_Mock_Inmature Enterocyte 2_Non-Infected
3.34E-44,0.714680859,0.82,0.551,7.07E-40,C19orf66,Illeum_24h_Inmature Enterocyte 2_Infected_v_Illeum_Mock_Inmature Enterocyte 2_Non-Infected
5.09E-44,0.95623175,0.88,0.593,1.08E-39,ZFP36,Illeum_24h_Inmature Enterocyte 2_Infected_v_Illeum_Mock_Inmature Enterocyte 2_Non-Infected
1.20E-43,1.573654806,1,0.869,2.53E-39,PPP1R15A,Illeum_24h_Inmature Enterocyte 2_Infected_v_Illeum_Mock_Inmature Enterocyte 2_Non-Infected
1.99E-42,1.733533179,0.88,0.237,4.21E-38,IFIT1,Illeum_24h_Inmature Enterocyte 2_Infected_v_Illeum_Mock_Inmature Enterocyte 2_Non-Infected
2.44E-42,1.956666305,0.84,0.037,5.17E-38,CXCL10,Illeum_24h_Inmature Enterocyte 2_Infected_v_Illeum_Mock_Inmature Enterocyte 2_Non-Infected
3.60E-41,-0.757099382,0.98,1,7.63E-37,CALM1,Illeum_24h_Inmature Enterocyte 2_Infected_v_Illeum_Mock_Inmature Enterocyte 2_Non-Infected
7.00E-41,-0.971138192,1,1,1.48E-36,B2M,Illeum_24h_Inmature Enterocyte 2_Infected_v_Illeum_Mock_Inmature Enterocyte 2_Non-Infected
2.12E-40,0.951485557,0.96,0.797,4.48E-36,NFAT5,Illeum_24h_Inmature Enterocyte 2_Infected_v_Illeum_Mock_Inmature Enterocyte 2_Non-Infected
5.10E-40,0.861210198,0.96,0.919,1.08E-35,SP100,Illeum_24h_Inmature Enterocyte 2_Infected_v_Illeum_Mock_Inmature Enterocyte 2_Non-Infected
5.83E-40,-1.023701029,0.82,0.998,1.23E-35,DSG2,Illeum_24h_Inmature Enterocyte 2_Infected_v_Illeum_Mock_Inmature Enterocyte 2_Non-Infected
6.29E-40,0.870956108,0.8,0.638,1.33E-35,DDX60,Illeum_24h_Inmature Enterocyte 2_Infected_v_Illeum_Mock_Inmature Enterocyte 2_Non-Infected
3.84E-39,0.665834017,0.82,0.723,8.14E-35,PNPT1,Illeum_24h_Inmature Enterocyte 2_Infected_v_Illeum_Mock_Inmature Enterocyte 2_Non-Infected
5.21E-39,-0.730270007,0.98,0.993,1.10E-34,CALM2,Illeum_24h_Inmature Enterocyte 2_Infected_v_Illeum_Mock_Inmature Enterocyte 2_Non-Infected
1.54E-38,0.940717937,0.92,0.906,3.26E-34,STAT1,Illeum_24h_Inmature Enterocyte 2_Infected_v_Illeum_Mock_Inmature Enterocyte 2_Non-Infected
1.71E-38,0.968504621,0.94,0.51,3.62E-34,ZC3H12A,Illeum_24h_Inmature Enterocyte 2_Infected_v_Illeum_Mock_Inmature Enterocyte 2_Non-Infected
3.01E-38,-0.915572649,0.8,1,6.38E-34,CLDN7,Illeum_24h_Inmature Enterocyte 2_Infected_v_Illeum_Mock_Inmature Enterocyte 2_Non-Infected
4.64E-38,-0.966736412,1,1,9.83E-34,FTH1,Illeum_24h_Inmature Enterocyte 2_Infected_v_Illeum_Mock_Inmature Enterocyte 2_Non-Infected
5.39E-38,-1.069072881,0.94,0.996,1.14E-33,ANXA2,Illeum_24h_Inmature Enterocyte 2_Infected_v_Illeum_Mock_Inmature Enterocyte 2_Non-Infected
3.92E-37,-0.824941632,0.8,0.993,8.30E-33,COX6A1,Illeum_24h_Inmature Enterocyte 2_Infected_v_Illeum_Mock_Inmature Enterocyte 2_Non-Infected
4.27E-37,-0.660746404,0.94,0.996,9.04E-33,SPINT2,Illeum_24h_Inmature Enterocyte 2_Infected_v_Illeum_Mock_Inmature Enterocyte 2_Non-Infected
5.33E-37,1.300698695,0.94,0.708,1.13E-32,MX1,Illeum_24h_Inmature Enterocyte 2_Infected_v_Illeum_Mock_Inmature Enterocyte 2_Non-Infected
1.21E-36,0.914758914,0.78,0.2,2.56E-32,OAS2,Illeum_24h_Inmature Enterocyte 2_Infected_v_Illeum_Mock_Inmature Enterocyte 2_Non-Infected
1.38E-36,0.811028973,0.86,0.887,2.92E-32,EIF2AK2,Illeum_24h_Inmature Enterocyte 2_Infected_v_Illeum_Mock_Inmature Enterocyte 2_Non-Infected
1.62E-36,0.596062615,0.8,0.338,3.43E-32,HSH2D,Illeum_24h_Inmature Enterocyte 2_Infected_v_Illeum_Mock_Inmature Enterocyte 2_Non-Infected
2.10E-36,0.90876748,0.98,0.922,4.45E-32,GPBP1,Illeum_24h_Inmature Enterocyte 2_Infected_v_Illeum_Mock_Inmature Enterocyte 2_Non-Infected
3.22E-36,-0.795493403,0.94,0.998,6.81E-32,MGST3,Illeum_24h_Inmature Enterocyte 2_Infected_v_Illeum_Mock_Inmature Enterocyte 2_Non-Infected
6.01E-36,0.846391983,0.74,0.266,1.27E-31,CSRNP1,Illeum_24h_Inmature Enterocyte 2_Infected_v_Illeum_Mock_Inmature Enterocyte 2_Non-Infected
6.74E-36,0.854048636,0.98,0.878,1.43E-31,ARID4B,Illeum_24h_Inmature Enterocyte 2_Infected_v_Illeum_Mock_Inmature Enterocyte 2_Non-Infected
7.61E-36,-1.094893354,1,1,1.61E-31,PIGR,Illeum_24h_Inmature Enterocyte 2_Infected_v_Illeum_Mock_Inmature Enterocyte 2_Non-Infected
1.12E-35,0.901532434,0.96,0.924,2.37E-31,RSRC2,Illeum_24h_Inmature Enterocyte 2_Infected_v_Illeum_Mock_Inmature Enterocyte 2_Non-Infected
1.17E-35,-0.836679832,0.8,0.993,2.47E-31,TM9SF3,Illeum_24h_Inmature Enterocyte 2_Infected_v_Illeum_Mock_Inmature Enterocyte 2_Non-Infected
1.76E-35,-1.144311256,0.82,0.991,3.73E-31,PLS1,Illeum_24h_Inmature Enterocyte 2_Infected_v_Illeum_Mock_Inmature Enterocyte 2_Non-Infected
3.24E-35,0.572514017,0.82,0.575,6.86E-31,OGFR,Illeum_24h_Inmature Enterocyte 2_Infected_v_Illeum_Mock_Inmature Enterocyte 2_Non-Infected
4.21E-35,-0.99496932,0.9,0.998,8.91E-31,CYSTM1,Illeum_24h_Inmature Enterocyte 2_Infected_v_Illeum_Mock_Inmature Enterocyte 2_Non-Infected
1.96E-34,0.656022832,0.68,0.625,4.16E-30,OAS1,Illeum_24h_Inmature Enterocyte 2_Infected_v_Illeum_Mock_Inmature Enterocyte 2_Non-Infected
3.37E-34,0.939316844,0.96,0.819,7.14E-30,PIM3,Illeum_24h_Inmature Enterocyte 2_Infected_v_Illeum_Mock_Inmature Enterocyte 2_Non-Infected
3.66E-34,-1.021263291,1,1,7.75E-30,TMSB4X,Illeum_24h_Inmature Enterocyte 2_Infected_v_Illeum_Mock_Inmature Enterocyte 2_Non-Infected
2.64E-33,0.856714023,0.86,0.599,5.60E-29,CYLD,Illeum_24h_Inmature Enterocyte 2_Infected_v_Illeum_Mock_Inmature Enterocyte 2_Non-Infected
4.68E-33,0.617331453,0.8,0.719,9.91E-29,PML,Illeum_24h_Inmature Enterocyte 2_Infected_v_Illeum_Mock_Inmature Enterocyte 2_Non-Infected
5.00E-33,-0.942580067,0.78,0.991,1.06E-28,APLP2,Illeum_24h_Inmature Enterocyte 2_Infected_v_Illeum_Mock_Inmature Enterocyte 2_Non-Infected
5.16E-33,0.681232017,0.78,0.723,1.09E-28,TRIM38,Illeum_24h_Inmature Enterocyte 2_Infected_v_Illeum_Mock_Inmature Enterocyte 2_Non-Infected
6.75E-33,-0.816858915,0.9,0.993,1.43E-28,ANXA4,Illeum_24h_Inmature Enterocyte 2_Infected_v_Illeum_Mock_Inmature Enterocyte 2_Non-Infected
8.44E-33,1.283049763,0.96,0.728,1.79E-28,CXCL2,Illeum_24h_Inmature Enterocyte 2_Infected_v_Illeum_Mock_Inmature Enterocyte 2_Non-Infected
1.86E-32,1.054348436,0.96,0.843,3.94E-28,NFKBIZ,Illeum_24h_Inmature Enterocyte 2_Infected_v_Illeum_Mock_Inmature Enterocyte 2_Non-Infected
2.22E-32,0.880539769,0.94,0.952,4.71E-28,PARP14,Illeum_24h_Inmature Enterocyte 2_Infected_v_Illeum_Mock_Inmature Enterocyte 2_Non-Infected
3.01E-32,0.585483855,0.78,0.889,6.37E-28,TRIM25,Illeum_24h_Inmature Enterocyte 2_Infected_v_Illeum_Mock_Inmature Enterocyte 2_Non-Infected
3.15E-32,-0.826864148,0.9,0.991,6.67E-28,ITGB1,Illeum_24h_Inmature Enterocyte 2_Infected_v_Illeum_Mock_Inmature Enterocyte 2_Non-Infected
6.36E-32,1.094818563,1,0.985,1.35E-27,RNF213,Illeum_24h_Inmature Enterocyte 2_Infected_v_Illeum_Mock_Inmature Enterocyte 2_Non-Infected
6.80E-32,-0.812269181,0.6,0.989,1.44E-27,PSAP,Illeum_24h_Inmature Enterocyte 2_Infected_v_Illeum_Mock_Inmature Enterocyte 2_Non-Infected
7.97E-32,0.644746602,0.9,0.758,1.69E-27,GATA6,Illeum_24h_Inmature Enterocyte 2_Infected_v_Illeum_Mock_Inmature Enterocyte 2_Non-Infected
1.31E-31,1.249882672,0.94,0.593,2.77E-27,ICAM1,Illeum_24h_Inmature Enterocyte 2_Infected_v_Illeum_Mock_Inmature Enterocyte 2_Non-Infected
1.95E-31,-0.812997608,1,1,4.13E-27,HLA-A,Illeum_24h_Inmature Enterocyte 2_Infected_v_Illeum_Mock_Inmature Enterocyte 2_Non-Infected
2.05E-31,0.788917533,0.84,0.566,4.35E-27,BCL3,Illeum_24h_Inmature Enterocyte 2_Infected_v_Illeum_Mock_Inmature Enterocyte 2_Non-Infected
2.52E-31,0.631391499,0.92,0.826,5.33E-27,SETD5,Illeum_24h_Inmature Enterocyte 2_Infected_v_Illeum_Mock_Inmature Enterocyte 2_Non-Infected
2.68E-31,0.656782872,0.94,0.839,5.69E-27,PHACTR4,Illeum_24h_Inmature Enterocyte 2_Infected_v_Illeum_Mock_Inmature Enterocyte 2_Non-Infected
3.90E-31,0.735819107,0.96,0.845,8.26E-27,BAZ1A,Illeum_24h_Inmature Enterocyte 2_Infected_v_Illeum_Mock_Inmature Enterocyte 2_Non-Infected
4.44E-31,0.863619099,0.82,0.688,9.40E-27,JUNB,Illeum_24h_Inmature Enterocyte 2_Infected_v_Illeum_Mock_Inmature Enterocyte 2_Non-Infected
5.12E-31,1.163114014,0.72,0.126,1.08E-26,HERC5,Illeum_24h_Inmature Enterocyte 2_Infected_v_Illeum_Mock_Inmature Enterocyte 2_Non-Infected
5.50E-31,-0.916260972,0.74,0.983,1.17E-26,CD9,Illeum_24h_Inmature Enterocyte 2_Infected_v_Illeum_Mock_Inmature Enterocyte 2_Non-Infected
7.01E-31,1.364508834,0.7,0.068,1.49E-26,OASL,Illeum_24h_Inmature Enterocyte 2_Infected_v_Illeum_Mock_Inmature Enterocyte 2_Non-Infected
7.46E-31,0.892324005,0.92,0.41,1.58E-26,TNF,Illeum_24h_Inmature Enterocyte 2_Infected_v_Illeum_Mock_Inmature Enterocyte 2_Non-Infected
1.46E-30,0.713929137,0.84,0.634,3.09E-26,TRIM22,Illeum_24h_Inmature Enterocyte 2_Infected_v_Illeum_Mock_Inmature Enterocyte 2_Non-Infected
1.88E-30,1.21804483,0.74,0.242,3.98E-26,RSAD2,Illeum_24h_Inmature Enterocyte 2_Infected_v_Illeum_Mock_Inmature Enterocyte 2_Non-Infected
1.91E-30,0.656672419,0.78,0.349,4.06E-26,USP18,Illeum_24h_Inmature Enterocyte 2_Infected_v_Illeum_Mock_Inmature Enterocyte 2_Non-Infected
2.92E-30,-0.757009874,0.7,0.985,6.18E-26,SKP1,Illeum_24h_Inmature Enterocyte 2_Infected_v_Illeum_Mock_Inmature Enterocyte 2_Non-Infected
2.97E-30,0.817711045,0.9,0.697,6.28E-26,CHD2,Illeum_24h_Inmature Enterocyte 2_Infected_v_Illeum_Mock_Inmature Enterocyte 2_Non-Infected
2.97E-30,0.875600115,0.74,0.373,6.29E-26,CX3CL1,Illeum_24h_Inmature Enterocyte 2_Infected_v_Illeum_Mock_Inmature Enterocyte 2_Non-Infected
3.04E-30,-0.890450865,0.78,0.996,6.45E-26,CALR,Illeum_24h_Inmature Enterocyte 2_Infected_v_Illeum_Mock_Inmature Enterocyte 2_Non-Infected
3.48E-30,0.590549848,0.58,0.285,7.38E-26,SAMHD1,Illeum_24h_Inmature Enterocyte 2_Infected_v_Illeum_Mock_Inmature Enterocyte 2_Non-Infected
3.83E-30,0.565559661,0.88,0.54,8.11E-26,SRFBP1,Illeum_24h_Inmature Enterocyte 2_Infected_v_Illeum_Mock_Inmature Enterocyte 2_Non-Infected
5.02E-30,0.729469665,0.94,0.893,1.06E-25,SMG1,Illeum_24h_Inmature Enterocyte 2_Infected_v_Illeum_Mock_Inmature Enterocyte 2_Non-Infected
8.27E-30,-0.875770736,1,1,1.75E-25,HLA-C,Illeum_24h_Inmature Enterocyte 2_Infected_v_Illeum_Mock_Inmature Enterocyte 2_Non-Infected
1.06E-29,0.91969485,0.86,0.789,2.25E-25,CEBPD,Illeum_24h_Inmature Enterocyte 2_Infected_v_Illeum_Mock_Inmature Enterocyte 2_Non-Infected
1.08E-29,0.7374944,0.76,0.253,2.29E-25,RP11-37B2.1,Illeum_24h_Inmature Enterocyte 2_Infected_v_Illeum_Mock_Inmature Enterocyte 2_Non-Infected
1.09E-29,0.737561597,0.7,0.397,2.31E-25,BATF2,Illeum_24h_Inmature Enterocyte 2_Infected_v_Illeum_Mock_Inmature Enterocyte 2_Non-Infected
1.26E-29,0.755480793,0.98,0.889,2.67E-25,KMT2A,Illeum_24h_Inmature Enterocyte 2_Infected_v_Illeum_Mock_Inmature Enterocyte 2_Non-Infected
1.27E-29,1.074552353,0.7,0.078,2.69E-25,IFI44L,Illeum_24h_Inmature Enterocyte 2_Infected_v_Illeum_Mock_Inmature Enterocyte 2_Non-Infected
1.29E-29,-0.645528143,0.92,0.996,2.73E-25,ARPC2,Illeum_24h_Inmature Enterocyte 2_Infected_v_Illeum_Mock_Inmature Enterocyte 2_Non-Infected
1.38E-29,0.641685854,0.88,0.8,2.92E-25,RBM33,Illeum_24h_Inmature Enterocyte 2_Infected_v_Illeum_Mock_Inmature Enterocyte 2_Non-Infected
1.48E-29,0.651417208,0.74,0.346,3.14E-25,PPM1K,Illeum_24h_Inmature Enterocyte 2_Infected_v_Illeum_Mock_Inmature Enterocyte 2_Non-Infected
2.05E-29,-0.800573109,0.58,0.989,4.34E-25,SLC44A4,Illeum_24h_Inmature Enterocyte 2_Infected_v_Illeum_Mock_Inmature Enterocyte 2_Non-Infected
2.15E-29,1.330159143,1,0.961,4.55E-25,TXNIP,Illeum_24h_Inmature Enterocyte 2_Infected_v_Illeum_Mock_Inmature Enterocyte 2_Non-Infected
2.70E-29,-0.768591257,0.94,0.998,5.73E-25,LIMA1,Illeum_24h_Inmature Enterocyte 2_Infected_v_Illeum_Mock_Inmature Enterocyte 2_Non-Infected
2.86E-29,0.704867258,0.9,0.776,6.06E-25,TAF1D,Illeum_24h_Inmature Enterocyte 2_Infected_v_Illeum_Mock_Inmature Enterocyte 2_Non-Infected
4.59E-29,0.685544085,0.74,0.468,9.73E-25,ZNF267,Illeum_24h_Inmature Enterocyte 2_Infected_v_Illeum_Mock_Inmature Enterocyte 2_Non-Infected
4.71E-29,0.762288823,0.92,0.699,9.97E-25,DUSP8,Illeum_24h_Inmature Enterocyte 2_Infected_v_Illeum_Mock_Inmature Enterocyte 2_Non-Infected
1.02E-28,0.817346064,0.74,0.251,2.15E-24,NUAK2,Illeum_24h_Inmature Enterocyte 2_Infected_v_Illeum_Mock_Inmature Enterocyte 2_Non-Infected
1.04E-28,0.712746145,0.88,0.66,2.19E-24,SERTAD2,Illeum_24h_Inmature Enterocyte 2_Infected_v_Illeum_Mock_Inmature Enterocyte 2_Non-Infected
1.84E-28,0.619080676,0.72,0.248,3.90E-24,CMPK2,Illeum_24h_Inmature Enterocyte 2_Infected_v_Illeum_Mock_Inmature Enterocyte 2_Non-Infected
2.62E-28,-0.793011755,0.7,0.991,5.56E-24,PRDX1,Illeum_24h_Inmature Enterocyte 2_Infected_v_Illeum_Mock_Inmature Enterocyte 2_Non-Infected
3.53E-28,0.577144569,0.84,0.76,7.47E-24,MYCBP2,Illeum_24h_Inmature Enterocyte 2_Infected_v_Illeum_Mock_Inmature Enterocyte 2_Non-Infected
5.65E-28,-0.738326368,0.92,0.993,1.20E-23,PRELID1,Illeum_24h_Inmature Enterocyte 2_Infected_v_Illeum_Mock_Inmature Enterocyte 2_Non-Infected
5.67E-28,0.710941726,0.94,0.917,1.20E-23,ASH1L,Illeum_24h_Inmature Enterocyte 2_Infected_v_Illeum_Mock_Inmature Enterocyte 2_Non-Infected
6.25E-28,-0.846150107,0.86,0.987,1.32E-23,OAZ1,Illeum_24h_Inmature Enterocyte 2_Infected_v_Illeum_Mock_Inmature Enterocyte 2_Non-Infected
6.27E-28,0.9412374,0.82,0.462,1.33E-23,ZC3H12C,Illeum_24h_Inmature Enterocyte 2_Infected_v_Illeum_Mock_Inmature Enterocyte 2_Non-Infected
9.33E-28,-0.683466656,1,1,1.98E-23,KRT8,Illeum_24h_Inmature Enterocyte 2_Infected_v_Illeum_Mock_Inmature Enterocyte 2_Non-Infected
1.16E-27,-0.82534933,0.56,0.985,2.45E-23,TMEM59,Illeum_24h_Inmature Enterocyte 2_Infected_v_Illeum_Mock_Inmature Enterocyte 2_Non-Infected
1.26E-27,1.240391886,0.72,0.338,2.68E-23,NEURL3,Illeum_24h_Inmature Enterocyte 2_Infected_v_Illeum_Mock_Inmature Enterocyte 2_Non-Infected
1.70E-27,-0.816707444,0.94,0.998,3.60E-23,MYL6,Illeum_24h_Inmature Enterocyte 2_Infected_v_Illeum_Mock_Inmature Enterocyte 2_Non-Infected
1.98E-27,-0.687156772,0.84,0.998,4.19E-23,CST3,Illeum_24h_Inmature Enterocyte 2_Infected_v_Illeum_Mock_Inmature Enterocyte 2_Non-Infected
2.02E-27,-0.735413403,0.64,0.989,4.28E-23,TSPAN3,Illeum_24h_Inmature Enterocyte 2_Infected_v_Illeum_Mock_Inmature Enterocyte 2_Non-Infected
2.12E-27,1.086311325,0.94,0.73,4.50E-23,IER3,Illeum_24h_Inmature Enterocyte 2_Infected_v_Illeum_Mock_Inmature Enterocyte 2_Non-Infected
2.24E-27,-0.710842496,0.94,0.991,4.74E-23,H3F3A,Illeum_24h_Inmature Enterocyte 2_Infected_v_Illeum_Mock_Inmature Enterocyte 2_Non-Infected
2.89E-27,0.577638091,0.94,0.882,6.13E-23,BRD2,Illeum_24h_Inmature Enterocyte 2_Infected_v_Illeum_Mock_Inmature Enterocyte 2_Non-Infected
2.90E-27,-0.713140407,0.68,0.978,6.14E-23,NDUFC2,Illeum_24h_Inmature Enterocyte 2_Infected_v_Illeum_Mock_Inmature Enterocyte 2_Non-Infected
3.50E-27,-0.638215707,0.88,0.993,7.42E-23,TPM3,Illeum_24h_Inmature Enterocyte 2_Infected_v_Illeum_Mock_Inmature Enterocyte 2_Non-Infected
3.81E-27,0.846635796,0.82,0.608,8.08E-23,RIPK2,Illeum_24h_Inmature Enterocyte 2_Infected_v_Illeum_Mock_Inmature Enterocyte 2_Non-Infected
4.50E-27,-0.801462298,1,0.998,9.52E-23,MYL12B,Illeum_24h_Inmature Enterocyte 2_Infected_v_Illeum_Mock_Inmature Enterocyte 2_Non-Infected
4.57E-27,0.785526247,0.74,0.627,9.69E-23,GBP1,Illeum_24h_Inmature Enterocyte 2_Infected_v_Illeum_Mock_Inmature Enterocyte 2_Non-Infected
6.68E-27,0.603585704,0.84,0.869,1.41E-22,TRIM56,Illeum_24h_Inmature Enterocyte 2_Infected_v_Illeum_Mock_Inmature Enterocyte 2_Non-Infected
8.00E-27,0.814852159,0.8,0.275,1.70E-22,CSF1,Illeum_24h_Inmature Enterocyte 2_Infected_v_Illeum_Mock_Inmature Enterocyte 2_Non-Infected
8.11E-27,-0.717887744,0.94,0.996,1.72E-22,CFL1,Illeum_24h_Inmature Enterocyte 2_Infected_v_Illeum_Mock_Inmature Enterocyte 2_Non-Infected
8.31E-27,0.747328867,0.8,0.728,1.76E-22,SAMD9L,Illeum_24h_Inmature Enterocyte 2_Infected_v_Illeum_Mock_Inmature Enterocyte 2_Non-Infected
1.06E-26,0.616791445,0.74,0.346,2.26E-22,IRF7,Illeum_24h_Inmature Enterocyte 2_Infected_v_Illeum_Mock_Inmature Enterocyte 2_Non-Infected
1.94E-26,0.727840456,0.62,0.15,4.12E-22,IFI44,Illeum_24h_Inmature Enterocyte 2_Infected_v_Illeum_Mock_Inmature Enterocyte 2_Non-Infected
2.37E-26,-0.637018425,0.74,0.998,5.03E-22,RTN4,Illeum_24h_Inmature Enterocyte 2_Infected_v_Illeum_Mock_Inmature Enterocyte 2_Non-Infected
4.28E-26,-0.753015244,0.62,0.972,9.06E-22,CAP1,Illeum_24h_Inmature Enterocyte 2_Infected_v_Illeum_Mock_Inmature Enterocyte 2_Non-Infected
4.40E-26,-1.125541525,0.82,0.987,9.32E-22,ABCB1,Illeum_24h_Inmature Enterocyte 2_Infected_v_Illeum_Mock_Inmature Enterocyte 2_Non-Infected
6.90E-26,1.055839728,0.86,0.754,1.46E-21,BHLHE41,Illeum_24h_Inmature Enterocyte 2_Infected_v_Illeum_Mock_Inmature Enterocyte 2_Non-Infected
7.05E-26,-0.65026564,0.8,0.991,1.49E-21,ARPC1B,Illeum_24h_Inmature Enterocyte 2_Infected_v_Illeum_Mock_Inmature Enterocyte 2_Non-Infected
9.43E-26,0.785432302,0.96,0.941,2.00E-21,CCNL1,Illeum_24h_Inmature Enterocyte 2_Infected_v_Illeum_Mock_Inmature Enterocyte 2_Non-Infected
1.12E-25,-0.602858873,0.84,0.978,2.37E-21,BZW1,Illeum_24h_Inmature Enterocyte 2_Infected_v_Illeum_Mock_Inmature Enterocyte 2_Non-Infected
1.37E-25,-0.701199381,0.8,0.985,2.91E-21,PRR13,Illeum_24h_Inmature Enterocyte 2_Infected_v_Illeum_Mock_Inmature Enterocyte 2_Non-Infected
1.52E-25,-0.619451313,0.8,0.998,3.22E-21,TAX1BP1,Illeum_24h_Inmature Enterocyte 2_Infected_v_Illeum_Mock_Inmature Enterocyte 2_Non-Infected
1.96E-25,-0.853419621,1,1,4.15E-21,S100A10,Illeum_24h_Inmature Enterocyte 2_Infected_v_Illeum_Mock_Inmature Enterocyte 2_Non-Infected
2.21E-25,0.596760271,0.6,0.196,4.69E-21,ZBP1,Illeum_24h_Inmature Enterocyte 2_Infected_v_Illeum_Mock_Inmature Enterocyte 2_Non-Infected
2.40E-25,0.705900531,0.8,0.678,5.09E-21,ZBTB20,Illeum_24h_Inmature Enterocyte 2_Infected_v_Illeum_Mock_Inmature Enterocyte 2_Non-Infected
4.01E-25,-0.700011946,0.76,0.983,8.49E-21,ARPC5,Illeum_24h_Inmature Enterocyte 2_Infected_v_Illeum_Mock_Inmature Enterocyte 2_Non-Infected
5.71E-25,-1.127791264,0.76,0.996,1.21E-20,ATP1A1,Illeum_24h_Inmature Enterocyte 2_Infected_v_Illeum_Mock_Inmature Enterocyte 2_Non-Infected
6.13E-25,-0.64240379,1,1,1.30E-20,EIF1,Illeum_24h_Inmature Enterocyte 2_Infected_v_Illeum_Mock_Inmature Enterocyte 2_Non-Infected
6.31E-25,-0.743405091,0.64,0.965,1.34E-20,CMAS,Illeum_24h_Inmature Enterocyte 2_Infected_v_Illeum_Mock_Inmature Enterocyte 2_Non-Infected
6.82E-25,0.756573703,0.86,0.712,1.44E-20,TIPARP,Illeum_24h_Inmature Enterocyte 2_Infected_v_Illeum_Mock_Inmature Enterocyte 2_Non-Infected
1.57E-24,-0.73562839,0.82,0.987,3.32E-20,SRP14,Illeum_24h_Inmature Enterocyte 2_Infected_v_Illeum_Mock_Inmature Enterocyte 2_Non-Infected
2.09E-24,0.539293339,0.9,0.865,4.44E-20,MED13,Illeum_24h_Inmature Enterocyte 2_Infected_v_Illeum_Mock_Inmature Enterocyte 2_Non-Infected
2.42E-24,-0.671022999,0.86,0.993,5.12E-20,ATP5J,Illeum_24h_Inmature Enterocyte 2_Infected_v_Illeum_Mock_Inmature Enterocyte 2_Non-Infected
3.08E-24,1.47786693,0.66,0.285,6.53E-20,EGR1,Illeum_24h_Inmature Enterocyte 2_Infected_v_Illeum_Mock_Inmature Enterocyte 2_Non-Infected
3.10E-24,-1.073590713,0.74,0.991,6.56E-20,PRAP1,Illeum_24h_Inmature Enterocyte 2_Infected_v_Illeum_Mock_Inmature Enterocyte 2_Non-Infected
6.53E-24,-0.833701406,0.88,0.993,1.38E-19,CLIC1,Illeum_24h_Inmature Enterocyte 2_Infected_v_Illeum_Mock_Inmature Enterocyte 2_Non-Infected
6.83E-24,-0.659346374,0.54,0.985,1.45E-19,FCGRT,Illeum_24h_Inmature Enterocyte 2_Infected_v_Illeum_Mock_Inmature Enterocyte 2_Non-Infected
7.78E-24,0.882416515,0.96,0.869,1.65E-19,RAB3IP,Illeum_24h_Inmature Enterocyte 2_Infected_v_Illeum_Mock_Inmature Enterocyte 2_Non-Infected
7.96E-24,0.667698277,0.54,0.22,1.69E-19,GBP4,Illeum_24h_Inmature Enterocyte 2_Infected_v_Illeum_Mock_Inmature Enterocyte 2_Non-Infected
9.10E-24,0.559330507,0.92,0.95,1.93E-19,SMCHD1,Illeum_24h_Inmature Enterocyte 2_Infected_v_Illeum_Mock_Inmature Enterocyte 2_Non-Infected
9.45E-24,-0.96578797,1,1,2.00E-19,LGALS3,Illeum_24h_Inmature Enterocyte 2_Infected_v_Illeum_Mock_Inmature Enterocyte 2_Non-Infected
9.90E-24,0.665529331,0.88,0.786,2.10E-19,PPP1R15B,Illeum_24h_Inmature Enterocyte 2_Infected_v_Illeum_Mock_Inmature Enterocyte 2_Non-Infected
1.14E-23,-0.841429466,0.9,0.987,2.42E-19,FXYD3,Illeum_24h_Inmature Enterocyte 2_Infected_v_Illeum_Mock_Inmature Enterocyte 2_Non-Infected
1.54E-23,0.692938336,0.9,0.754,3.27E-19,NFKB2,Illeum_24h_Inmature Enterocyte 2_Infected_v_Illeum_Mock_Inmature Enterocyte 2_Non-Infected
1.91E-23,-0.654426424,0.94,1,4.06E-19,HSP90AB1,Illeum_24h_Inmature Enterocyte 2_Infected_v_Illeum_Mock_Inmature Enterocyte 2_Non-Infected
1.97E-23,0.616633324,0.54,0.089,4.18E-19,TNFSF13B,Illeum_24h_Inmature Enterocyte 2_Infected_v_Illeum_Mock_Inmature Enterocyte 2_Non-Infected
2.23E-23,0.657905938,0.84,0.808,4.71E-19,EPC1,Illeum_24h_Inmature Enterocyte 2_Infected_v_Illeum_Mock_Inmature Enterocyte 2_Non-Infected
2.50E-23,0.770896792,0.72,0.386,5.31E-19,EFNA1,Illeum_24h_Inmature Enterocyte 2_Infected_v_Illeum_Mock_Inmature Enterocyte 2_Non-Infected
3.44E-23,-0.70925442,0.72,0.985,7.28E-19,TPI1,Illeum_24h_Inmature Enterocyte 2_Infected_v_Illeum_Mock_Inmature Enterocyte 2_Non-Infected
3.53E-23,-0.840056283,0.98,0.996,7.47E-19,HLA-B,Illeum_24h_Inmature Enterocyte 2_Infected_v_Illeum_Mock_Inmature Enterocyte 2_Non-Infected
3.62E-23,0.563726765,0.78,0.488,7.67E-19,TTF2,Illeum_24h_Inmature Enterocyte 2_Infected_v_Illeum_Mock_Inmature Enterocyte 2_Non-Infected
4.83E-23,0.648735562,0.88,0.625,1.02E-18,HIVEP1,Illeum_24h_Inmature Enterocyte 2_Infected_v_Illeum_Mock_Inmature Enterocyte 2_Non-Infected
5.08E-23,-0.643467515,0.74,0.989,1.08E-18,ARPC3,Illeum_24h_Inmature Enterocyte 2_Infected_v_Illeum_Mock_Inmature Enterocyte 2_Non-Infected
5.86E-23,-0.82430819,0.72,0.996,1.24E-18,HSP90B1,Illeum_24h_Inmature Enterocyte 2_Infected_v_Illeum_Mock_Inmature Enterocyte 2_Non-Infected
7.92E-23,-0.786976527,0.92,0.993,1.68E-18,ITM2B,Illeum_24h_Inmature Enterocyte 2_Infected_v_Illeum_Mock_Inmature Enterocyte 2_Non-Infected
1.27E-22,-1.079315977,0.76,0.996,2.70E-18,CES2,Illeum_24h_Inmature Enterocyte 2_Infected_v_Illeum_Mock_Inmature Enterocyte 2_Non-Infected
1.30E-22,0.93359741,0.8,0.466,2.76E-18,KLF10,Illeum_24h_Inmature Enterocyte 2_Infected_v_Illeum_Mock_Inmature Enterocyte 2_Non-Infected
1.46E-22,-0.874271064,0.54,0.967,3.09E-18,VNN1,Illeum_24h_Inmature Enterocyte 2_Infected_v_Illeum_Mock_Inmature Enterocyte 2_Non-Infected
1.54E-22,1.100121327,0.76,0.501,3.27E-18,PMAIP1,Illeum_24h_Inmature Enterocyte 2_Infected_v_Illeum_Mock_Inmature Enterocyte 2_Non-Infected
1.56E-22,0.930623272,0.88,0.741,3.30E-18,FAM46A,Illeum_24h_Inmature Enterocyte 2_Infected_v_Illeum_Mock_Inmature Enterocyte 2_Non-Infected
1.59E-22,0.638186583,0.8,0.641,3.36E-18,MAST4,Illeum_24h_Inmature Enterocyte 2_Infected_v_Illeum_Mock_Inmature Enterocyte 2_Non-Infected
1.71E-22,0.772435842,0.86,0.867,3.62E-18,SOX9,Illeum_24h_Inmature Enterocyte 2_Infected_v_Illeum_Mock_Inmature Enterocyte 2_Non-Infected
1.84E-22,-0.703120131,0.72,0.991,3.91E-18,CTSS,Illeum_24h_Inmature Enterocyte 2_Infected_v_Illeum_Mock_Inmature Enterocyte 2_Non-Infected
1.87E-22,0.531214127,0.78,0.882,3.96E-18,NT5C3A,Illeum_24h_Inmature Enterocyte 2_Infected_v_Illeum_Mock_Inmature Enterocyte 2_Non-Infected
1.96E-22,-0.644602247,0.56,0.956,4.15E-18,BCAP31,Illeum_24h_Inmature Enterocyte 2_Infected_v_Illeum_Mock_Inmature Enterocyte 2_Non-Infected
2.54E-22,0.627640714,0.74,0.623,5.39E-18,KDM6B,Illeum_24h_Inmature Enterocyte 2_Infected_v_Illeum_Mock_Inmature Enterocyte 2_Non-Infected
2.67E-22,0.805808084,0.98,0.911,5.66E-18,ANKLE2,Illeum_24h_Inmature Enterocyte 2_Infected_v_Illeum_Mock_Inmature Enterocyte 2_Non-Infected
3.04E-22,-0.606490522,0.76,0.98,6.44E-18,EFHD2,Illeum_24h_Inmature Enterocyte 2_Infected_v_Illeum_Mock_Inmature Enterocyte 2_Non-Infected
3.15E-22,-0.705259879,0.9,0.996,6.68E-18,MYH14,Illeum_24h_Inmature Enterocyte 2_Infected_v_Illeum_Mock_Inmature Enterocyte 2_Non-Infected
3.62E-22,-0.649370913,0.58,0.976,7.67E-18,ITM2C,Illeum_24h_Inmature Enterocyte 2_Infected_v_Illeum_Mock_Inmature Enterocyte 2_Non-Infected
4.22E-22,0.966403464,0.98,0.946,8.94E-18,KLF6,Illeum_24h_Inmature Enterocyte 2_Infected_v_Illeum_Mock_Inmature Enterocyte 2_Non-Infected
4.70E-22,-0.748249826,0.86,0.985,9.96E-18,ANXA3,Illeum_24h_Inmature Enterocyte 2_Infected_v_Illeum_Mock_Inmature Enterocyte 2_Non-Infected
6.73E-22,-0.706766489,0.82,0.989,1.43E-17,PRDX5,Illeum_24h_Inmature Enterocyte 2_Infected_v_Illeum_Mock_Inmature Enterocyte 2_Non-Infected
7.09E-22,0.695287567,0.94,0.913,1.50E-17,KMT2E,Illeum_24h_Inmature Enterocyte 2_Infected_v_Illeum_Mock_Inmature Enterocyte 2_Non-Infected
7.14E-22,-0.629156129,0.78,0.985,1.51E-17,TUBB4B,Illeum_24h_Inmature Enterocyte 2_Infected_v_Illeum_Mock_Inmature Enterocyte 2_Non-Infected
7.53E-22,0.563410327,0.94,0.837,1.59E-17,XRN1,Illeum_24h_Inmature Enterocyte 2_Infected_v_Illeum_Mock_Inmature Enterocyte 2_Non-Infected
8.27E-22,0.539430028,0.9,0.688,1.75E-17,SFSWAP,Illeum_24h_Inmature Enterocyte 2_Infected_v_Illeum_Mock_Inmature Enterocyte 2_Non-Infected
1.09E-21,-1.062607505,0.6,0.978,2.32E-17,CEACAM5,Illeum_24h_Inmature Enterocyte 2_Infected_v_Illeum_Mock_Inmature Enterocyte 2_Non-Infected
1.09E-21,0.573834717,0.8,0.715,2.32E-17,CNOT4,Illeum_24h_Inmature Enterocyte 2_Infected_v_Illeum_Mock_Inmature Enterocyte 2_Non-Infected
1.39E-21,0.787628609,0.76,0.438,2.94E-17,HIVEP2,Illeum_24h_Inmature Enterocyte 2_Infected_v_Illeum_Mock_Inmature Enterocyte 2_Non-Infected
1.44E-21,0.986013282,1,1,3.05E-17,MALAT1,Illeum_24h_Inmature Enterocyte 2_Infected_v_Illeum_Mock_Inmature Enterocyte 2_Non-Infected
1.57E-21,0.719277852,0.82,0.573,3.33E-17,BHLHE40,Illeum_24h_Inmature Enterocyte 2_Infected_v_Illeum_Mock_Inmature Enterocyte 2_Non-Infected
2.09E-21,-0.675351275,0.94,1,4.43E-17,EZR,Illeum_24h_Inmature Enterocyte 2_Infected_v_Illeum_Mock_Inmature Enterocyte 2_Non-Infected
2.12E-21,0.510317408,0.66,0.174,4.50E-17,TRAF1,Illeum_24h_Inmature Enterocyte 2_Infected_v_Illeum_Mock_Inmature Enterocyte 2_Non-Infected
2.18E-21,-0.765198495,0.74,0.991,4.62E-17,CTSD,Illeum_24h_Inmature Enterocyte 2_Infected_v_Illeum_Mock_Inmature Enterocyte 2_Non-Infected
2.88E-21,-0.587339999,0.78,0.989,6.10E-17,CANX,Illeum_24h_Inmature Enterocyte 2_Infected_v_Illeum_Mock_Inmature Enterocyte 2_Non-Infected
3.08E-21,0.885804545,0.88,0.797,6.53E-17,RHOB,Illeum_24h_Inmature Enterocyte 2_Infected_v_Illeum_Mock_Inmature Enterocyte 2_Non-Infected
3.18E-21,-0.834279215,0.92,0.998,6.73E-17,S100A11,Illeum_24h_Inmature Enterocyte 2_Infected_v_Illeum_Mock_Inmature Enterocyte 2_Non-Infected
3.30E-21,-0.515544121,0.56,0.978,6.99E-17,SPCS2,Illeum_24h_Inmature Enterocyte 2_Infected_v_Illeum_Mock_Inmature Enterocyte 2_Non-Infected
3.57E-21,0.627627283,0.78,0.625,7.56E-17,PDE4D,Illeum_24h_Inmature Enterocyte 2_Infected_v_Illeum_Mock_Inmature Enterocyte 2_Non-Infected
3.78E-21,-0.743271439,0.94,0.993,8.01E-17,PFN1,Illeum_24h_Inmature Enterocyte 2_Infected_v_Illeum_Mock_Inmature Enterocyte 2_Non-Infected
4.59E-21,0.519127438,0.82,0.481,9.73E-17,RLF,Illeum_24h_Inmature Enterocyte 2_Infected_v_Illeum_Mock_Inmature Enterocyte 2_Non-Infected
5.22E-21,-0.539116527,0.5,0.959,1.11E-16,LMAN2,Illeum_24h_Inmature Enterocyte 2_Infected_v_Illeum_Mock_Inmature Enterocyte 2_Non-Infected
7.26E-21,0.50362748,0.9,0.743,1.54E-16,TNRC6A,Illeum_24h_Inmature Enterocyte 2_Infected_v_Illeum_Mock_Inmature Enterocyte 2_Non-Infected
7.36E-21,0.530715739,0.74,0.627,1.56E-16,KMT2B,Illeum_24h_Inmature Enterocyte 2_Infected_v_Illeum_Mock_Inmature Enterocyte 2_Non-Infected
8.79E-21,0.581996799,0.84,0.841,1.86E-16,TRIB1,Illeum_24h_Inmature Enterocyte 2_Infected_v_Illeum_Mock_Inmature Enterocyte 2_Non-Infected
9.54E-21,-0.537126726,0.8,0.983,2.02E-16,CTNNA1,Illeum_24h_Inmature Enterocyte 2_Infected_v_Illeum_Mock_Inmature Enterocyte 2_Non-Infected
1.16E-20,1.433814467,0.84,0.582,2.46E-16,ATF3,Illeum_24h_Inmature Enterocyte 2_Infected_v_Illeum_Mock_Inmature Enterocyte 2_Non-Infected
1.29E-20,-0.684425711,0.66,0.98,2.73E-16,VIMP,Illeum_24h_Inmature Enterocyte 2_Infected_v_Illeum_Mock_Inmature Enterocyte 2_Non-Infected
1.31E-20,-0.730603646,1,1,2.79E-16,FTL,Illeum_24h_Inmature Enterocyte 2_Infected_v_Illeum_Mock_Inmature Enterocyte 2_Non-Infected
1.48E-20,-0.562854896,0.42,0.93,3.14E-16,NAPRT,Illeum_24h_Inmature Enterocyte 2_Infected_v_Illeum_Mock_Inmature Enterocyte 2_Non-Infected
1.64E-20,0.537195895,0.94,0.926,3.48E-16,ADAR,Illeum_24h_Inmature Enterocyte 2_Infected_v_Illeum_Mock_Inmature Enterocyte 2_Non-Infected
2.04E-20,1.045826885,0.88,0.699,4.32E-16,HES1,Illeum_24h_Inmature Enterocyte 2_Infected_v_Illeum_Mock_Inmature Enterocyte 2_Non-Infected
2.20E-20,-0.607214377,0.64,0.985,4.66E-16,SERPINB6,Illeum_24h_Inmature Enterocyte 2_Infected_v_Illeum_Mock_Inmature Enterocyte 2_Non-Infected
3.30E-20,0.855071786,0.82,0.71,7.00E-16,HIST1H2AC,Illeum_24h_Inmature Enterocyte 2_Infected_v_Illeum_Mock_Inmature Enterocyte 2_Non-Infected
3.52E-20,-0.689401537,1,1,7.45E-16,C15orf48,Illeum_24h_Inmature Enterocyte 2_Infected_v_Illeum_Mock_Inmature Enterocyte 2_Non-Infected
3.87E-20,0.594110981,0.84,0.566,8.19E-16,RICTOR,Illeum_24h_Inmature Enterocyte 2_Infected_v_Illeum_Mock_Inmature Enterocyte 2_Non-Infected
3.90E-20,-0.650214652,0.82,0.976,8.26E-16,BTF3,Illeum_24h_Inmature Enterocyte 2_Infected_v_Illeum_Mock_Inmature Enterocyte 2_Non-Infected
4.02E-20,-0.527317483,0.8,0.983,8.51E-16,BSG,Illeum_24h_Inmature Enterocyte 2_Infected_v_Illeum_Mock_Inmature Enterocyte 2_Non-Infected
4.62E-20,-0.659610638,0.66,0.983,9.79E-16,SPTAN1,Illeum_24h_Inmature Enterocyte 2_Infected_v_Illeum_Mock_Inmature Enterocyte 2_Non-Infected
5.86E-20,0.556155399,0.88,0.804,1.24E-15,NFKB1,Illeum_24h_Inmature Enterocyte 2_Infected_v_Illeum_Mock_Inmature Enterocyte 2_Non-Infected
6.10E-20,-0.693177573,0.68,0.969,1.29E-15,VAMP8,Illeum_24h_Inmature Enterocyte 2_Infected_v_Illeum_Mock_Inmature Enterocyte 2_Non-Infected
6.61E-20,0.927455169,0.94,0.806,1.40E-15,SDC4,Illeum_24h_Inmature Enterocyte 2_Infected_v_Illeum_Mock_Inmature Enterocyte 2_Non-Infected
7.54E-20,-0.640349815,0.96,0.998,1.60E-15,LGALS4,Illeum_24h_Inmature Enterocyte 2_Infected_v_Illeum_Mock_Inmature Enterocyte 2_Non-Infected
7.55E-20,0.588660377,0.76,0.536,1.60E-15,ARHGEF38,Illeum_24h_Inmature Enterocyte 2_Infected_v_Illeum_Mock_Inmature Enterocyte 2_Non-Infected
7.72E-20,-0.666352463,0.62,0.965,1.64E-15,ATP6V0B,Illeum_24h_Inmature Enterocyte 2_Infected_v_Illeum_Mock_Inmature Enterocyte 2_Non-Infected
9.05E-20,-0.691718431,0.94,0.993,1.92E-15,MYL12A,Illeum_24h_Inmature Enterocyte 2_Infected_v_Illeum_Mock_Inmature Enterocyte 2_Non-Infected
9.49E-20,-0.699362131,0.92,0.996,2.01E-15,SERPINB1,Illeum_24h_Inmature Enterocyte 2_Infected_v_Illeum_Mock_Inmature Enterocyte 2_Non-Infected
9.65E-20,0.62417083,0.8,0.76,2.04E-15,PPP1R10,Illeum_24h_Inmature Enterocyte 2_Infected_v_Illeum_Mock_Inmature Enterocyte 2_Non-Infected
1.21E-19,-0.553376636,0.78,0.987,2.57E-15,HADHA,Illeum_24h_Inmature Enterocyte 2_Infected_v_Illeum_Mock_Inmature Enterocyte 2_Non-Infected
1.29E-19,-0.562215507,0.86,0.989,2.74E-15,SBDS,Illeum_24h_Inmature Enterocyte 2_Infected_v_Illeum_Mock_Inmature Enterocyte 2_Non-Infected
1.49E-19,-0.719137449,0.7,0.978,3.15E-15,NDUFA4,Illeum_24h_Inmature Enterocyte 2_Infected_v_Illeum_Mock_Inmature Enterocyte 2_Non-Infected
1.66E-19,0.996832132,0.72,0.351,3.52E-15,GADD45B,Illeum_24h_Inmature Enterocyte 2_Infected_v_Illeum_Mock_Inmature Enterocyte 2_Non-Infected
1.92E-19,0.89167405,0.92,0.937,4.06E-15,TNFSF10,Illeum_24h_Inmature Enterocyte 2_Infected_v_Illeum_Mock_Inmature Enterocyte 2_Non-Infected
1.94E-19,-0.55633784,0.64,0.983,4.12E-15,ERP29,Illeum_24h_Inmature Enterocyte 2_Infected_v_Illeum_Mock_Inmature Enterocyte 2_Non-Infected
2.15E-19,-0.71421342,0.56,0.974,4.56E-15,ATP1B3,Illeum_24h_Inmature Enterocyte 2_Infected_v_Illeum_Mock_Inmature Enterocyte 2_Non-Infected
2.31E-19,-0.552192638,0.9,0.993,4.89E-15,ACTN4,Illeum_24h_Inmature Enterocyte 2_Infected_v_Illeum_Mock_Inmature Enterocyte 2_Non-Infected
2.61E-19,-0.54070873,0.68,0.983,5.54E-15,FKBP2,Illeum_24h_Inmature Enterocyte 2_Infected_v_Illeum_Mock_Inmature Enterocyte 2_Non-Infected
2.62E-19,0.544238058,0.6,0.333,5.55E-15,TET3,Illeum_24h_Inmature Enterocyte 2_Infected_v_Illeum_Mock_Inmature Enterocyte 2_Non-Infected
3.10E-19,-0.614807447,0.68,0.98,6.56E-15,PDIA6,Illeum_24h_Inmature Enterocyte 2_Infected_v_Illeum_Mock_Inmature Enterocyte 2_Non-Infected
3.83E-19,0.510167949,0.74,0.649,8.12E-15,ZBTB43,Illeum_24h_Inmature Enterocyte 2_Infected_v_Illeum_Mock_Inmature Enterocyte 2_Non-Infected
4.03E-19,-0.594563375,0.9,0.991,8.54E-15,ENO1,Illeum_24h_Inmature Enterocyte 2_Infected_v_Illeum_Mock_Inmature Enterocyte 2_Non-Infected
4.49E-19,-0.520997883,0.9,0.987,9.52E-15,ANXA11,Illeum_24h_Inmature Enterocyte 2_Infected_v_Illeum_Mock_Inmature Enterocyte 2_Non-Infected
4.98E-19,-0.829355326,0.62,0.961,1.06E-14,CDH17,Illeum_24h_Inmature Enterocyte 2_Infected_v_Illeum_Mock_Inmature Enterocyte 2_Non-Infected
5.13E-19,0.561193466,0.46,0.022,1.09E-14,PLEKHA4,Illeum_24h_Inmature Enterocyte 2_Infected_v_Illeum_Mock_Inmature Enterocyte 2_Non-Infected
5.66E-19,-0.573403424,0.64,0.974,1.20E-14,PTTG1IP,Illeum_24h_Inmature Enterocyte 2_Infected_v_Illeum_Mock_Inmature Enterocyte 2_Non-Infected
5.72E-19,0.508106463,0.7,0.619,1.21E-14,PCF11,Illeum_24h_Inmature Enterocyte 2_Infected_v_Illeum_Mock_Inmature Enterocyte 2_Non-Infected
5.75E-19,-0.643595409,0.72,0.98,1.22E-14,ADAM9,Illeum_24h_Inmature Enterocyte 2_Infected_v_Illeum_Mock_Inmature Enterocyte 2_Non-Infected
6.32E-19,-0.600030213,0.74,0.987,1.34E-14,CXADR,Illeum_24h_Inmature Enterocyte 2_Infected_v_Illeum_Mock_Inmature Enterocyte 2_Non-Infected
8.98E-19,-0.577187992,0.66,0.972,1.90E-14,TMED4,Illeum_24h_Inmature Enterocyte 2_Infected_v_Illeum_Mock_Inmature Enterocyte 2_Non-Infected
1.05E-18,-0.585633564,0.54,0.969,2.22E-14,DHRS7,Illeum_24h_Inmature Enterocyte 2_Infected_v_Illeum_Mock_Inmature Enterocyte 2_Non-Infected
1.16E-18,-0.710426032,0.58,0.959,2.46E-14,MALL,Illeum_24h_Inmature Enterocyte 2_Infected_v_Illeum_Mock_Inmature Enterocyte 2_Non-Infected
1.43E-18,-0.737193435,0.92,0.989,3.03E-14,ATP5G3,Illeum_24h_Inmature Enterocyte 2_Infected_v_Illeum_Mock_Inmature Enterocyte 2_Non-Infected
1.72E-18,1.148994492,0.46,0.272,3.64E-14,ZBTB10,Illeum_24h_Inmature Enterocyte 2_Infected_v_Illeum_Mock_Inmature Enterocyte 2_Non-Infected
1.81E-18,0.630284702,0.92,0.904,3.83E-14,CHD9,Illeum_24h_Inmature Enterocyte 2_Infected_v_Illeum_Mock_Inmature Enterocyte 2_Non-Infected
1.86E-18,0.519229015,0.86,0.906,3.95E-14,SETD2,Illeum_24h_Inmature Enterocyte 2_Infected_v_Illeum_Mock_Inmature Enterocyte 2_Non-Infected
1.89E-18,0.508486816,0.52,0.098,4.00E-14,RP1-34B20.21,Illeum_24h_Inmature Enterocyte 2_Infected_v_Illeum_Mock_Inmature Enterocyte 2_Non-Infected
2.06E-18,-0.672482208,0.54,0.937,4.36E-14,ADI1,Illeum_24h_Inmature Enterocyte 2_Infected_v_Illeum_Mock_Inmature Enterocyte 2_Non-Infected
2.11E-18,-0.568501852,0.64,0.965,4.47E-14,PGK1,Illeum_24h_Inmature Enterocyte 2_Infected_v_Illeum_Mock_Inmature Enterocyte 2_Non-Infected
2.24E-18,-0.552951534,0.62,0.95,4.74E-14,NBL1,Illeum_24h_Inmature Enterocyte 2_Infected_v_Illeum_Mock_Inmature Enterocyte 2_Non-Infected
2.26E-18,0.698243538,0.7,0.292,4.79E-14,BST2,Illeum_24h_Inmature Enterocyte 2_Infected_v_Illeum_Mock_Inmature Enterocyte 2_Non-Infected
2.33E-18,0.534083716,0.96,0.806,4.93E-14,FNDC3B,Illeum_24h_Inmature Enterocyte 2_Infected_v_Illeum_Mock_Inmature Enterocyte 2_Non-Infected
2.37E-18,-0.640143643,0.58,0.959,5.01E-14,HSD17B11,Illeum_24h_Inmature Enterocyte 2_Infected_v_Illeum_Mock_Inmature Enterocyte 2_Non-Infected
2.44E-18,-0.722860161,0.94,0.993,5.17E-14,RPS27L,Illeum_24h_Inmature Enterocyte 2_Infected_v_Illeum_Mock_Inmature Enterocyte 2_Non-Infected
3.10E-18,-0.590484751,0.68,0.961,6.56E-14,CAPZB,Illeum_24h_Inmature Enterocyte 2_Infected_v_Illeum_Mock_Inmature Enterocyte 2_Non-Infected
3.50E-18,0.575705254,0.58,0.15,7.42E-14,HIST1H2BG,Illeum_24h_Inmature Enterocyte 2_Infected_v_Illeum_Mock_Inmature Enterocyte 2_Non-Infected
3.75E-18,0.624554286,0.9,0.847,7.95E-14,N4BP1,Illeum_24h_Inmature Enterocyte 2_Infected_v_Illeum_Mock_Inmature Enterocyte 2_Non-Infected
4.62E-18,-0.502219813,0.42,0.93,9.78E-14,FDX1,Illeum_24h_Inmature Enterocyte 2_Infected_v_Illeum_Mock_Inmature Enterocyte 2_Non-Infected
5.02E-18,-0.552637325,0.62,0.961,1.06E-13,COPB1,Illeum_24h_Inmature Enterocyte 2_Infected_v_Illeum_Mock_Inmature Enterocyte 2_Non-Infected
5.16E-18,0.836094774,0.98,0.865,1.09E-13,PNRC1,Illeum_24h_Inmature Enterocyte 2_Infected_v_Illeum_Mock_Inmature Enterocyte 2_Non-Infected
5.32E-18,-0.666187449,1,1,1.13E-13,EEF1A1,Illeum_24h_Inmature Enterocyte 2_Infected_v_Illeum_Mock_Inmature Enterocyte 2_Non-Infected
5.66E-18,0.564979473,0.8,0.619,1.20E-13,SAMD4A,Illeum_24h_Inmature Enterocyte 2_Infected_v_Illeum_Mock_Inmature Enterocyte 2_Non-Infected
6.20E-18,0.814190929,0.98,0.874,1.31E-13,MTRNR2L12,Illeum_24h_Inmature Enterocyte 2_Infected_v_Illeum_Mock_Inmature Enterocyte 2_Non-Infected
6.54E-18,-0.540738946,0.66,0.965,1.39E-13,MORF4L1,Illeum_24h_Inmature Enterocyte 2_Infected_v_Illeum_Mock_Inmature Enterocyte 2_Non-Infected
7.04E-18,0.521024716,0.92,0.919,1.49E-13,NRIP1,Illeum_24h_Inmature Enterocyte 2_Infected_v_Illeum_Mock_Inmature Enterocyte 2_Non-Infected
7.41E-18,-0.569568296,0.72,0.976,1.57E-13,RPN2,Illeum_24h_Inmature Enterocyte 2_Infected_v_Illeum_Mock_Inmature Enterocyte 2_Non-Infected
7.81E-18,-0.589935798,0.4,0.906,1.65E-13,TIMP2,Illeum_24h_Inmature Enterocyte 2_Infected_v_Illeum_Mock_Inmature Enterocyte 2_Non-Infected
9.49E-18,-0.620612724,0.8,0.978,2.01E-13,ATP6V0E1,Illeum_24h_Inmature Enterocyte 2_Infected_v_Illeum_Mock_Inmature Enterocyte 2_Non-Infected
1.01E-17,0.585996753,0.74,0.536,2.14E-13,ARRDC3,Illeum_24h_Inmature Enterocyte 2_Infected_v_Illeum_Mock_Inmature Enterocyte 2_Non-Infected
1.10E-17,-0.593639949,0.84,0.969,2.33E-13,VDAC2,Illeum_24h_Inmature Enterocyte 2_Infected_v_Illeum_Mock_Inmature Enterocyte 2_Non-Infected
1.11E-17,1.042527578,0.92,0.904,2.36E-13,ZNF292,Illeum_24h_Inmature Enterocyte 2_Infected_v_Illeum_Mock_Inmature Enterocyte 2_Non-Infected
1.25E-17,-0.611589189,0.7,0.989,2.65E-13,ATP8B1,Illeum_24h_Inmature Enterocyte 2_Infected_v_Illeum_Mock_Inmature Enterocyte 2_Non-Infected
1.27E-17,0.516306735,0.78,0.59,2.68E-13,USP31,Illeum_24h_Inmature Enterocyte 2_Infected_v_Illeum_Mock_Inmature Enterocyte 2_Non-Infected
1.28E-17,0.572773881,0.62,0.194,2.71E-13,NOCT,Illeum_24h_Inmature Enterocyte 2_Infected_v_Illeum_Mock_Inmature Enterocyte 2_Non-Infected
1.52E-17,-0.621782728,0.82,0.98,3.22E-13,COX8A,Illeum_24h_Inmature Enterocyte 2_Infected_v_Illeum_Mock_Inmature Enterocyte 2_Non-Infected
1.61E-17,-0.548226895,0.54,0.954,3.41E-13,MYDGF,Illeum_24h_Inmature Enterocyte 2_Infected_v_Illeum_Mock_Inmature Enterocyte 2_Non-Infected
1.69E-17,-0.748112293,0.54,0.935,3.58E-13,CTSE,Illeum_24h_Inmature Enterocyte 2_Infected_v_Illeum_Mock_Inmature Enterocyte 2_Non-Infected
1.90E-17,-0.532696384,0.62,0.963,4.03E-13,RER1,Illeum_24h_Inmature Enterocyte 2_Infected_v_Illeum_Mock_Inmature Enterocyte 2_Non-Infected
2.01E-17,-0.556943788,0.6,0.963,4.25E-13,DAD1,Illeum_24h_Inmature Enterocyte 2_Infected_v_Illeum_Mock_Inmature Enterocyte 2_Non-Infected
2.01E-17,1.101028274,0.98,0.941,4.26E-13,TNFAIP2,Illeum_24h_Inmature Enterocyte 2_Infected_v_Illeum_Mock_Inmature Enterocyte 2_Non-Infected
2.01E-17,-1.06084508,0.38,0.893,4.26E-13,TM4SF4,Illeum_24h_Inmature Enterocyte 2_Infected_v_Illeum_Mock_Inmature Enterocyte 2_Non-Infected
2.09E-17,-0.64633083,0.76,0.983,4.43E-13,PDIA3,Illeum_24h_Inmature Enterocyte 2_Infected_v_Illeum_Mock_Inmature Enterocyte 2_Non-Infected
2.12E-17,-0.524278859,0.7,0.978,4.50E-13,NARS,Illeum_24h_Inmature Enterocyte 2_Infected_v_Illeum_Mock_Inmature Enterocyte 2_Non-Infected
2.32E-17,-0.562206091,0.82,0.969,4.91E-13,POMP,Illeum_24h_Inmature Enterocyte 2_Infected_v_Illeum_Mock_Inmature Enterocyte 2_Non-Infected
2.38E-17,-0.681845957,0.86,0.991,5.04E-13,DYNLL1,Illeum_24h_Inmature Enterocyte 2_Infected_v_Illeum_Mock_Inmature Enterocyte 2_Non-Infected
2.85E-17,-0.577218275,0.62,0.969,6.04E-13,ITGB4,Illeum_24h_Inmature Enterocyte 2_Infected_v_Illeum_Mock_Inmature Enterocyte 2_Non-Infected
3.12E-17,-0.530033151,0.52,0.956,6.62E-13,IDH1,Illeum_24h_Inmature Enterocyte 2_Infected_v_Illeum_Mock_Inmature Enterocyte 2_Non-Infected
3.15E-17,0.524336885,0.82,0.719,6.68E-13,PIEZO1,Illeum_24h_Inmature Enterocyte 2_Infected_v_Illeum_Mock_Inmature Enterocyte 2_Non-Infected
3.50E-17,-0.531810342,0.68,0.967,7.41E-13,MINOS1,Illeum_24h_Inmature Enterocyte 2_Infected_v_Illeum_Mock_Inmature Enterocyte 2_Non-Infected
3.98E-17,0.508639182,0.82,0.621,8.42E-13,INTS6,Illeum_24h_Inmature Enterocyte 2_Infected_v_Illeum_Mock_Inmature Enterocyte 2_Non-Infected
4.22E-17,-0.631216061,0.92,0.996,8.95E-13,SERF2,Illeum_24h_Inmature Enterocyte 2_Infected_v_Illeum_Mock_Inmature Enterocyte 2_Non-Infected
4.52E-17,-0.506577379,0.68,0.974,9.58E-13,DYNC1I2,Illeum_24h_Inmature Enterocyte 2_Infected_v_Illeum_Mock_Inmature Enterocyte 2_Non-Infected
4.98E-17,-0.659100316,0.82,0.991,1.05E-12,LYZ,Illeum_24h_Inmature Enterocyte 2_Infected_v_Illeum_Mock_Inmature Enterocyte 2_Non-Infected
5.34E-17,-0.647658832,0.86,0.991,1.13E-12,AHNAK,Illeum_24h_Inmature Enterocyte 2_Infected_v_Illeum_Mock_Inmature Enterocyte 2_Non-Infected
6.16E-17,0.62233786,0.96,0.939,1.30E-12,MCL1,Illeum_24h_Inmature Enterocyte 2_Infected_v_Illeum_Mock_Inmature Enterocyte 2_Non-Infected
6.72E-17,-0.591756136,0.86,0.991,1.42E-12,MGAT4A,Illeum_24h_Inmature Enterocyte 2_Infected_v_Illeum_Mock_Inmature Enterocyte 2_Non-Infected
7.15E-17,0.556113448,0.86,0.804,1.51E-12,NSRP1,Illeum_24h_Inmature Enterocyte 2_Infected_v_Illeum_Mock_Inmature Enterocyte 2_Non-Infected
7.16E-17,0.514811748,0.86,0.895,1.52E-12,ETS2,Illeum_24h_Inmature Enterocyte 2_Infected_v_Illeum_Mock_Inmature Enterocyte 2_Non-Infected
8.84E-17,-0.633140538,0.96,0.996,1.87E-12,GSTP1,Illeum_24h_Inmature Enterocyte 2_Infected_v_Illeum_Mock_Inmature Enterocyte 2_Non-Infected
1.07E-16,0.549647448,0.62,0.303,2.27E-12,RHOV,Illeum_24h_Inmature Enterocyte 2_Infected_v_Illeum_Mock_Inmature Enterocyte 2_Non-Infected
1.16E-16,0.760945788,0.98,0.983,2.46E-12,CFLAR,Illeum_24h_Inmature Enterocyte 2_Infected_v_Illeum_Mock_Inmature Enterocyte 2_Non-Infected
1.26E-16,-0.619752539,0.84,0.987,2.66E-12,PERP,Illeum_24h_Inmature Enterocyte 2_Infected_v_Illeum_Mock_Inmature Enterocyte 2_Non-Infected
1.39E-16,0.533477312,0.8,0.784,2.94E-12,CHD7,Illeum_24h_Inmature Enterocyte 2_Infected_v_Illeum_Mock_Inmature Enterocyte 2_Non-Infected
1.44E-16,-0.531623732,0.96,0.987,3.05E-12,COX7A2,Illeum_24h_Inmature Enterocyte 2_Infected_v_Illeum_Mock_Inmature Enterocyte 2_Non-Infected
1.47E-16,-0.516987813,0.84,0.989,3.12E-12,CDH1,Illeum_24h_Inmature Enterocyte 2_Infected_v_Illeum_Mock_Inmature Enterocyte 2_Non-Infected
1.49E-16,-0.614096305,0.68,0.961,3.16E-12,CIB1,Illeum_24h_Inmature Enterocyte 2_Infected_v_Illeum_Mock_Inmature Enterocyte 2_Non-Infected
1.60E-16,-0.51515973,0.58,0.943,3.38E-12,NDUFB8,Illeum_24h_Inmature Enterocyte 2_Infected_v_Illeum_Mock_Inmature Enterocyte 2_Non-Infected
1.70E-16,-0.502067428,0.52,0.937,3.60E-12,TMED9,Illeum_24h_Inmature Enterocyte 2_Infected_v_Illeum_Mock_Inmature Enterocyte 2_Non-Infected
1.87E-16,0.961438999,0.98,0.841,3.96E-12,CXCL3,Illeum_24h_Inmature Enterocyte 2_Infected_v_Illeum_Mock_Inmature Enterocyte 2_Non-Infected
1.99E-16,-0.678770033,0.88,0.996,4.22E-12,TXN,Illeum_24h_Inmature Enterocyte 2_Infected_v_Illeum_Mock_Inmature Enterocyte 2_Non-Infected
2.03E-16,-0.535302095,0.9,0.985,4.30E-12,COX5B,Illeum_24h_Inmature Enterocyte 2_Infected_v_Illeum_Mock_Inmature Enterocyte 2_Non-Infected
2.24E-16,0.543997956,0.96,0.891,4.75E-12,FGD6,Illeum_24h_Inmature Enterocyte 2_Infected_v_Illeum_Mock_Inmature Enterocyte 2_Non-Infected
2.43E-16,-0.507973968,0.62,0.961,5.14E-12,VPS4B,Illeum_24h_Inmature Enterocyte 2_Infected_v_Illeum_Mock_Inmature Enterocyte 2_Non-Infected
2.67E-16,-0.525912739,0.74,0.98,5.66E-12,CMPK1,Illeum_24h_Inmature Enterocyte 2_Infected_v_Illeum_Mock_Inmature Enterocyte 2_Non-Infected
2.75E-16,-0.574349635,0.9,0.98,5.83E-12,CHCHD2,Illeum_24h_Inmature Enterocyte 2_Infected_v_Illeum_Mock_Inmature Enterocyte 2_Non-Infected
3.00E-16,-0.504744134,0.68,0.941,6.36E-12,PPP2CB,Illeum_24h_Inmature Enterocyte 2_Infected_v_Illeum_Mock_Inmature Enterocyte 2_Non-Infected
3.45E-16,-0.623009907,0.66,0.95,7.32E-12,SDCBP2,Illeum_24h_Inmature Enterocyte 2_Infected_v_Illeum_Mock_Inmature Enterocyte 2_Non-Infected
3.75E-16,-0.51010773,0.86,0.991,7.95E-12,CD46,Illeum_24h_Inmature Enterocyte 2_Infected_v_Illeum_Mock_Inmature Enterocyte 2_Non-Infected
3.81E-16,0.63032142,0.76,0.58,8.08E-12,BMP2,Illeum_24h_Inmature Enterocyte 2_Infected_v_Illeum_Mock_Inmature Enterocyte 2_Non-Infected
3.86E-16,-0.569798543,0.96,0.996,8.19E-12,COX7C,Illeum_24h_Inmature Enterocyte 2_Infected_v_Illeum_Mock_Inmature Enterocyte 2_Non-Infected
4.07E-16,0.532214711,0.6,0.434,8.63E-12,DENND4A,Illeum_24h_Inmature Enterocyte 2_Infected_v_Illeum_Mock_Inmature Enterocyte 2_Non-Infected
4.08E-16,-0.898538211,0.72,0.978,8.64E-12,TXNRD1,Illeum_24h_Inmature Enterocyte 2_Infected_v_Illeum_Mock_Inmature Enterocyte 2_Non-Infected
4.27E-16,-0.500538715,0.74,0.983,9.05E-12,MGAT4B,Illeum_24h_Inmature Enterocyte 2_Infected_v_Illeum_Mock_Inmature Enterocyte 2_Non-Infected
5.36E-16,-0.533421509,0.74,0.969,1.14E-11,GHITM,Illeum_24h_Inmature Enterocyte 2_Infected_v_Illeum_Mock_Inmature Enterocyte 2_Non-Infected
6.36E-16,0.50409096,0.78,0.606,1.35E-11,ARAP2,Illeum_24h_Inmature Enterocyte 2_Infected_v_Illeum_Mock_Inmature Enterocyte 2_Non-Infected
7.13E-16,0.598439231,0.96,0.915,1.51E-11,CEP350,Illeum_24h_Inmature Enterocyte 2_Infected_v_Illeum_Mock_Inmature Enterocyte 2_Non-Infected
8.31E-16,-0.544915169,0.9,0.985,1.76E-11,COX6C,Illeum_24h_Inmature Enterocyte 2_Infected_v_Illeum_Mock_Inmature Enterocyte 2_Non-Infected
8.83E-16,-0.778651467,0.84,0.978,1.87E-11,VIL1,Illeum_24h_Inmature Enterocyte 2_Infected_v_Illeum_Mock_Inmature Enterocyte 2_Non-Infected
9.02E-16,0.680762972,0.86,0.721,1.91E-11,MTRNR2L8,Illeum_24h_Inmature Enterocyte 2_Infected_v_Illeum_Mock_Inmature Enterocyte 2_Non-Infected
9.33E-16,-0.519794366,0.62,0.952,1.98E-11,ATP5H,Illeum_24h_Inmature Enterocyte 2_Infected_v_Illeum_Mock_Inmature Enterocyte 2_Non-Infected
1.10E-15,-0.503638272,0.52,0.941,2.33E-11,AP1S1,Illeum_24h_Inmature Enterocyte 2_Infected_v_Illeum_Mock_Inmature Enterocyte 2_Non-Infected
1.18E-15,-0.544987205,0.76,0.991,2.49E-11,DSC2,Illeum_24h_Inmature Enterocyte 2_Infected_v_Illeum_Mock_Inmature Enterocyte 2_Non-Infected
1.20E-15,-0.523507461,0.8,0.969,2.55E-11,ALDH2,Illeum_24h_Inmature Enterocyte 2_Infected_v_Illeum_Mock_Inmature Enterocyte 2_Non-Infected
1.46E-15,-0.627513037,0.86,0.976,3.09E-11,UQCRQ,Illeum_24h_Inmature Enterocyte 2_Infected_v_Illeum_Mock_Inmature Enterocyte 2_Non-Infected
1.52E-15,-0.523385987,0.74,0.985,3.21E-11,CD164,Illeum_24h_Inmature Enterocyte 2_Infected_v_Illeum_Mock_Inmature Enterocyte 2_Non-Infected
1.56E-15,1.212874146,0.56,0.255,3.30E-11,NR1D1,Illeum_24h_Inmature Enterocyte 2_Infected_v_Illeum_Mock_Inmature Enterocyte 2_Non-Infected
1.59E-15,0.549587326,0.94,0.876,3.36E-11,MAP4K4,Illeum_24h_Inmature Enterocyte 2_Infected_v_Illeum_Mock_Inmature Enterocyte 2_Non-Infected
1.63E-15,-0.516656207,0.78,0.987,3.46E-11,SPCS1,Illeum_24h_Inmature Enterocyte 2_Infected_v_Illeum_Mock_Inmature Enterocyte 2_Non-Infected
1.66E-15,-0.53700181,0.48,0.919,3.52E-11,CPE,Illeum_24h_Inmature Enterocyte 2_Infected_v_Illeum_Mock_Inmature Enterocyte 2_Non-Infected
1.80E-15,-0.561690688,0.4,0.876,3.81E-11,MAOA,Illeum_24h_Inmature Enterocyte 2_Infected_v_Illeum_Mock_Inmature Enterocyte 2_Non-Infected
1.89E-15,-0.562658754,0.76,0.983,4.00E-11,COX6B1,Illeum_24h_Inmature Enterocyte 2_Infected_v_Illeum_Mock_Inmature Enterocyte 2_Non-Infected
2.39E-15,-0.58612517,1,1,5.06E-11,S100A6,Illeum_24h_Inmature Enterocyte 2_Infected_v_Illeum_Mock_Inmature Enterocyte 2_Non-Infected
3.27E-15,-0.560777203,0.66,0.972,6.93E-11,CTSA,Illeum_24h_Inmature Enterocyte 2_Infected_v_Illeum_Mock_Inmature Enterocyte 2_Non-Infected
3.32E-15,-0.828772123,0.58,0.935,7.03E-11,ANXA13,Illeum_24h_Inmature Enterocyte 2_Infected_v_Illeum_Mock_Inmature Enterocyte 2_Non-Infected
3.70E-15,-0.564713711,0.98,0.996,7.83E-11,YWHAZ,Illeum_24h_Inmature Enterocyte 2_Infected_v_Illeum_Mock_Inmature Enterocyte 2_Non-Infected
3.74E-15,0.536747336,0.5,0.205,7.93E-11,DUSP10,Illeum_24h_Inmature Enterocyte 2_Infected_v_Illeum_Mock_Inmature Enterocyte 2_Non-Infected
3.76E-15,-0.527359609,0.58,0.965,7.96E-11,GSTO1,Illeum_24h_Inmature Enterocyte 2_Infected_v_Illeum_Mock_Inmature Enterocyte 2_Non-Infected
3.99E-15,-0.623143396,0.84,0.987,8.46E-11,RPS26,Illeum_24h_Inmature Enterocyte 2_Infected_v_Illeum_Mock_Inmature Enterocyte 2_Non-Infected
4.43E-15,-0.628413789,0.82,0.985,9.39E-11,DSTN,Illeum_24h_Inmature Enterocyte 2_Infected_v_Illeum_Mock_Inmature Enterocyte 2_Non-Infected
4.60E-15,-0.506537141,0.62,0.969,9.75E-11,NDUFB2,Illeum_24h_Inmature Enterocyte 2_Infected_v_Illeum_Mock_Inmature Enterocyte 2_Non-Infected
5.01E-15,-0.533284889,0.64,0.965,1.06E-10,GRN,Illeum_24h_Inmature Enterocyte 2_Infected_v_Illeum_Mock_Inmature Enterocyte 2_Non-Infected
5.32E-15,-0.6158616,0.82,0.993,1.13E-10,PPIA,Illeum_24h_Inmature Enterocyte 2_Infected_v_Illeum_Mock_Inmature Enterocyte 2_Non-Infected
5.62E-15,-0.554594591,0.68,0.963,1.19E-10,ATP5J2,Illeum_24h_Inmature Enterocyte 2_Infected_v_Illeum_Mock_Inmature Enterocyte 2_Non-Infected
5.62E-15,-0.622570176,0.66,0.969,1.19E-10,DBI,Illeum_24h_Inmature Enterocyte 2_Infected_v_Illeum_Mock_Inmature Enterocyte 2_Non-Infected
5.65E-15,0.567609825,0.72,0.418,1.20E-10,PHLDA1,Illeum_24h_Inmature Enterocyte 2_Infected_v_Illeum_Mock_Inmature Enterocyte 2_Non-Infected
6.27E-15,-0.597783503,0.74,0.969,1.33E-10,CD59,Illeum_24h_Inmature Enterocyte 2_Infected_v_Illeum_Mock_Inmature Enterocyte 2_Non-Infected
6.49E-15,-0.569174958,0.76,0.946,1.38E-10,MPC2,Illeum_24h_Inmature Enterocyte 2_Infected_v_Illeum_Mock_Inmature Enterocyte 2_Non-Infected
6.69E-15,-0.544364914,0.5,0.913,1.42E-10,GALC,Illeum_24h_Inmature Enterocyte 2_Infected_v_Illeum_Mock_Inmature Enterocyte 2_Non-Infected
6.98E-15,-0.548578109,0.84,0.996,1.48E-10,CLDN3,Illeum_24h_Inmature Enterocyte 2_Infected_v_Illeum_Mock_Inmature Enterocyte 2_Non-Infected
8.52E-15,-0.555373113,0.8,0.98,1.80E-10,RHOC,Illeum_24h_Inmature Enterocyte 2_Infected_v_Illeum_Mock_Inmature Enterocyte 2_Non-Infected
8.78E-15,-0.533835195,0.52,0.948,1.86E-10,SRI,Illeum_24h_Inmature Enterocyte 2_Infected_v_Illeum_Mock_Inmature Enterocyte 2_Non-Infected
9.25E-15,-0.521108147,0.72,0.976,1.96E-10,SSR4,Illeum_24h_Inmature Enterocyte 2_Infected_v_Illeum_Mock_Inmature Enterocyte 2_Non-Infected
9.68E-15,-0.573870342,0.54,0.932,2.05E-10,RAMP1,Illeum_24h_Inmature Enterocyte 2_Infected_v_Illeum_Mock_Inmature Enterocyte 2_Non-Infected
1.18E-14,-0.503788021,0.48,0.913,2.51E-10,TSTD1,Illeum_24h_Inmature Enterocyte 2_Infected_v_Illeum_Mock_Inmature Enterocyte 2_Non-Infected
1.20E-14,0.552004847,0.82,0.66,2.54E-10,CCSER1,Illeum_24h_Inmature Enterocyte 2_Infected_v_Illeum_Mock_Inmature Enterocyte 2_Non-Infected
1.48E-14,-0.633449499,0.74,0.965,3.14E-10,TAGLN2,Illeum_24h_Inmature Enterocyte 2_Infected_v_Illeum_Mock_Inmature Enterocyte 2_Non-Infected
1.56E-14,-0.625099226,0.84,0.987,3.30E-10,FAT1,Illeum_24h_Inmature Enterocyte 2_Infected_v_Illeum_Mock_Inmature Enterocyte 2_Non-Infected
1.59E-14,-0.543144822,0.82,0.976,3.37E-10,ATP5L,Illeum_24h_Inmature Enterocyte 2_Infected_v_Illeum_Mock_Inmature Enterocyte 2_Non-Infected
2.09E-14,-0.589704895,0.68,0.972,4.43E-10,SLC25A5,Illeum_24h_Inmature Enterocyte 2_Infected_v_Illeum_Mock_Inmature Enterocyte 2_Non-Infected
2.13E-14,-0.613655947,0.72,0.974,4.52E-10,PEBP1,Illeum_24h_Inmature Enterocyte 2_Infected_v_Illeum_Mock_Inmature Enterocyte 2_Non-Infected
2.50E-14,-0.535119017,0.82,0.978,5.30E-10,CYB5A,Illeum_24h_Inmature Enterocyte 2_Infected_v_Illeum_Mock_Inmature Enterocyte 2_Non-Infected
2.69E-14,-0.503405358,0.64,0.959,5.69E-10,SCP2,Illeum_24h_Inmature Enterocyte 2_Infected_v_Illeum_Mock_Inmature Enterocyte 2_Non-Infected
2.87E-14,-0.50095601,0.64,0.961,6.08E-10,TM9SF2,Illeum_24h_Inmature Enterocyte 2_Infected_v_Illeum_Mock_Inmature Enterocyte 2_Non-Infected
3.30E-14,0.541343027,0.46,0.076,6.99E-10,PER1,Illeum_24h_Inmature Enterocyte 2_Infected_v_Illeum_Mock_Inmature Enterocyte 2_Non-Infected
3.81E-14,-0.550883182,0.92,0.987,8.07E-10,HINT1,Illeum_24h_Inmature Enterocyte 2_Infected_v_Illeum_Mock_Inmature Enterocyte 2_Non-Infected
3.99E-14,0.537109889,0.66,0.346,8.46E-10,CREB5,Illeum_24h_Inmature Enterocyte 2_Infected_v_Illeum_Mock_Inmature Enterocyte 2_Non-Infected
4.04E-14,-0.615180684,0.64,0.959,8.56E-10,FAM3C,Illeum_24h_Inmature Enterocyte 2_Infected_v_Illeum_Mock_Inmature Enterocyte 2_Non-Infected
5.58E-14,-0.513793896,0.52,0.935,1.18E-09,ETHE1,Illeum_24h_Inmature Enterocyte 2_Infected_v_Illeum_Mock_Inmature Enterocyte 2_Non-Infected
6.42E-14,-0.569324928,0.94,0.996,1.36E-09,COX4I1,Illeum_24h_Inmature Enterocyte 2_Infected_v_Illeum_Mock_Inmature Enterocyte 2_Non-Infected
6.95E-14,-0.514594431,0.74,0.978,1.47E-09,DYNLT1,Illeum_24h_Inmature Enterocyte 2_Infected_v_Illeum_Mock_Inmature Enterocyte 2_Non-Infected
7.02E-14,-0.544234589,0.56,0.913,1.49E-09,AGR3,Illeum_24h_Inmature Enterocyte 2_Infected_v_Illeum_Mock_Inmature Enterocyte 2_Non-Infected
8.20E-14,-0.590893024,0.72,0.974,1.74E-09,NQO1,Illeum_24h_Inmature Enterocyte 2_Infected_v_Illeum_Mock_Inmature Enterocyte 2_Non-Infected
9.88E-14,-0.508280296,0.68,0.963,2.09E-09,GALNT1,Illeum_24h_Inmature Enterocyte 2_Infected_v_Illeum_Mock_Inmature Enterocyte 2_Non-Infected
1.12E-13,-0.587204679,0.82,0.989,2.37E-09,GPX4,Illeum_24h_Inmature Enterocyte 2_Infected_v_Illeum_Mock_Inmature Enterocyte 2_Non-Infected
1.66E-13,-0.519300705,0.7,0.974,3.51E-09,FAM3B,Illeum_24h_Inmature Enterocyte 2_Infected_v_Illeum_Mock_Inmature Enterocyte 2_Non-Infected
1.79E-13,-0.502251439,0.8,0.978,3.78E-09,ATPIF1,Illeum_24h_Inmature Enterocyte 2_Infected_v_Illeum_Mock_Inmature Enterocyte 2_Non-Infected
1.85E-13,-0.518185669,0.92,0.978,3.93E-09,UQCRH,Illeum_24h_Inmature Enterocyte 2_Infected_v_Illeum_Mock_Inmature Enterocyte 2_Non-Infected
2.10E-13,0.515511544,0.72,0.719,4.45E-09,GABPB1-AS1,Illeum_24h_Inmature Enterocyte 2_Infected_v_Illeum_Mock_Inmature Enterocyte 2_Non-Infected
2.68E-13,-0.549467366,0.86,0.978,5.68E-09,COX7B,Illeum_24h_Inmature Enterocyte 2_Infected_v_Illeum_Mock_Inmature Enterocyte 2_Non-Infected
2.69E-13,-0.549639992,0.72,0.985,5.70E-09,HSPA5,Illeum_24h_Inmature Enterocyte 2_Infected_v_Illeum_Mock_Inmature Enterocyte 2_Non-Infected
3.35E-13,0.505788804,0.38,0.059,7.09E-09,ANKRD33B,Illeum_24h_Inmature Enterocyte 2_Infected_v_Illeum_Mock_Inmature Enterocyte 2_Non-Infected
4.11E-13,-0.612007782,0.44,0.867,8.70E-09,SLPI,Illeum_24h_Inmature Enterocyte 2_Infected_v_Illeum_Mock_Inmature Enterocyte 2_Non-Infected
4.77E-13,-0.522201338,0.68,0.972,1.01E-08,TUBA1B,Illeum_24h_Inmature Enterocyte 2_Infected_v_Illeum_Mock_Inmature Enterocyte 2_Non-Infected
5.89E-13,0.525447147,1,0.998,1.25E-08,MT-ND3,Illeum_24h_Inmature Enterocyte 2_Infected_v_Illeum_Mock_Inmature Enterocyte 2_Non-Infected
6.86E-13,-0.607648523,0.88,0.991,1.45E-08,TPM4,Illeum_24h_Inmature Enterocyte 2_Infected_v_Illeum_Mock_Inmature Enterocyte 2_Non-Infected
8.03E-13,-0.684205545,0.84,0.969,1.70E-08,GPX1,Illeum_24h_Inmature Enterocyte 2_Infected_v_Illeum_Mock_Inmature Enterocyte 2_Non-Infected
8.17E-13,0.623076101,0.54,0.135,1.73E-08,EGOT,Illeum_24h_Inmature Enterocyte 2_Infected_v_Illeum_Mock_Inmature Enterocyte 2_Non-Infected
9.61E-13,-0.551476014,0.78,0.972,2.04E-08,SEPW1,Illeum_24h_Inmature Enterocyte 2_Infected_v_Illeum_Mock_Inmature Enterocyte 2_Non-Infected
1.14E-12,-0.526690374,0.64,0.941,2.42E-08,PHPT1,Illeum_24h_Inmature Enterocyte 2_Infected_v_Illeum_Mock_Inmature Enterocyte 2_Non-Infected
1.15E-12,-0.50947002,0.66,0.969,2.44E-08,S100A14,Illeum_24h_Inmature Enterocyte 2_Infected_v_Illeum_Mock_Inmature Enterocyte 2_Non-Infected
1.17E-12,-0.544080697,0.66,0.959,2.48E-08,OCIAD2,Illeum_24h_Inmature Enterocyte 2_Infected_v_Illeum_Mock_Inmature Enterocyte 2_Non-Infected
1.38E-12,-0.516052958,0.4,0.856,2.93E-08,BTNL8,Illeum_24h_Inmature Enterocyte 2_Infected_v_Illeum_Mock_Inmature Enterocyte 2_Non-Infected
1.42E-12,-0.517752151,0.66,0.935,3.01E-08,FKBP1A,Illeum_24h_Inmature Enterocyte 2_Infected_v_Illeum_Mock_Inmature Enterocyte 2_Non-Infected
1.47E-12,-0.749996872,0.88,0.95,3.12E-08,FABP2,Illeum_24h_Inmature Enterocyte 2_Infected_v_Illeum_Mock_Inmature Enterocyte 2_Non-Infected
1.47E-12,0.66610806,0.86,0.745,3.12E-08,RCAN1,Illeum_24h_Inmature Enterocyte 2_Infected_v_Illeum_Mock_Inmature Enterocyte 2_Non-Infected
1.50E-12,-0.503696606,0.62,0.926,3.18E-08,HSBP1,Illeum_24h_Inmature Enterocyte 2_Infected_v_Illeum_Mock_Inmature Enterocyte 2_Non-Infected
1.70E-12,0.528216081,0.98,0.922,3.60E-08,BAZ2B,Illeum_24h_Inmature Enterocyte 2_Infected_v_Illeum_Mock_Inmature Enterocyte 2_Non-Infected
1.70E-12,-0.680588385,0.94,1,3.60E-08,AGR2,Illeum_24h_Inmature Enterocyte 2_Infected_v_Illeum_Mock_Inmature Enterocyte 2_Non-Infected
1.71E-12,0.518961381,0.8,0.614,3.63E-08,DUSP1,Illeum_24h_Inmature Enterocyte 2_Infected_v_Illeum_Mock_Inmature Enterocyte 2_Non-Infected
1.84E-12,-0.632743213,0.74,0.967,3.90E-08,FDPS,Illeum_24h_Inmature Enterocyte 2_Infected_v_Illeum_Mock_Inmature Enterocyte 2_Non-Infected
1.95E-12,0.605071493,0.92,0.913,4.14E-08,GADD45A,Illeum_24h_Inmature Enterocyte 2_Infected_v_Illeum_Mock_Inmature Enterocyte 2_Non-Infected
2.24E-12,0.627226922,1,0.993,4.75E-08,ELF3,Illeum_24h_Inmature Enterocyte 2_Infected_v_Illeum_Mock_Inmature Enterocyte 2_Non-Infected
2.39E-12,0.600065272,0.82,0.784,5.05E-08,HES4,Illeum_24h_Inmature Enterocyte 2_Infected_v_Illeum_Mock_Inmature Enterocyte 2_Non-Infected
2.57E-12,-0.61530826,0.96,0.996,5.45E-08,MYH9,Illeum_24h_Inmature Enterocyte 2_Infected_v_Illeum_Mock_Inmature Enterocyte 2_Non-Infected
2.75E-12,-0.541200106,0.72,0.956,5.83E-08,GLRX,Illeum_24h_Inmature Enterocyte 2_Infected_v_Illeum_Mock_Inmature Enterocyte 2_Non-Infected
3.15E-12,0.840403999,1,1,6.67E-08,NEAT1,Illeum_24h_Inmature Enterocyte 2_Infected_v_Illeum_Mock_Inmature Enterocyte 2_Non-Infected
3.41E-12,-0.736690625,0.54,0.902,7.23E-08,DPP4,Illeum_24h_Inmature Enterocyte 2_Infected_v_Illeum_Mock_Inmature Enterocyte 2_Non-Infected
3.47E-12,0.649083633,0.9,0.922,7.35E-08,NEDD4L,Illeum_24h_Inmature Enterocyte 2_Infected_v_Illeum_Mock_Inmature Enterocyte 2_Non-Infected
3.53E-12,-0.519494443,0.98,0.998,7.48E-08,RPL41,Illeum_24h_Inmature Enterocyte 2_Infected_v_Illeum_Mock_Inmature Enterocyte 2_Non-Infected
3.62E-12,-0.536170706,0.78,0.969,7.67E-08,CHCHD10,Illeum_24h_Inmature Enterocyte 2_Infected_v_Illeum_Mock_Inmature Enterocyte 2_Non-Infected
3.67E-12,-0.707163091,0.56,0.843,7.77E-08,MYL9,Illeum_24h_Inmature Enterocyte 2_Infected_v_Illeum_Mock_Inmature Enterocyte 2_Non-Infected
4.60E-12,0.862299865,0.94,0.741,9.75E-08,PLCG2,Illeum_24h_Inmature Enterocyte 2_Infected_v_Illeum_Mock_Inmature Enterocyte 2_Non-Infected
5.38E-12,-0.606005465,0.64,0.932,1.14E-07,MSMO1,Illeum_24h_Inmature Enterocyte 2_Infected_v_Illeum_Mock_Inmature Enterocyte 2_Non-Infected
5.40E-12,-0.602907539,0.62,0.93,1.14E-07,SLC9A3R1,Illeum_24h_Inmature Enterocyte 2_Infected_v_Illeum_Mock_Inmature Enterocyte 2_Non-Infected
6.46E-12,0.522428046,1,0.996,1.37E-07,ANKRD11,Illeum_24h_Inmature Enterocyte 2_Infected_v_Illeum_Mock_Inmature Enterocyte 2_Non-Infected
7.82E-12,-0.581769731,0.6,0.885,1.66E-07,PKIB,Illeum_24h_Inmature Enterocyte 2_Infected_v_Illeum_Mock_Inmature Enterocyte 2_Non-Infected
7.86E-12,0.612792928,0.9,0.837,1.66E-07,RND3,Illeum_24h_Inmature Enterocyte 2_Infected_v_Illeum_Mock_Inmature Enterocyte 2_Non-Infected
7.91E-12,-0.504522487,0.94,0.996,1.68E-07,RPL18,Illeum_24h_Inmature Enterocyte 2_Infected_v_Illeum_Mock_Inmature Enterocyte 2_Non-Infected
8.19E-12,-0.521916432,1,1,1.74E-07,KRT18,Illeum_24h_Inmature Enterocyte 2_Infected_v_Illeum_Mock_Inmature Enterocyte 2_Non-Infected
8.58E-12,0.823328382,0.2,0,1.82E-07,IFNL1,Illeum_24h_Inmature Enterocyte 2_Infected_v_Illeum_Mock_Inmature Enterocyte 2_Non-Infected
1.50E-11,-1.14084764,0.72,0.954,3.18E-07,HPGD,Illeum_24h_Inmature Enterocyte 2_Infected_v_Illeum_Mock_Inmature Enterocyte 2_Non-Infected
1.66E-11,1.362043345,0.54,0.41,3.52E-07,G0S2,Illeum_24h_Inmature Enterocyte 2_Infected_v_Illeum_Mock_Inmature Enterocyte 2_Non-Infected
2.61E-11,-0.579590059,0.9,0.991,5.53E-07,ASS1,Illeum_24h_Inmature Enterocyte 2_Infected_v_Illeum_Mock_Inmature Enterocyte 2_Non-Infected
2.64E-11,-0.501554229,0.62,0.946,5.59E-07,IDI1,Illeum_24h_Inmature Enterocyte 2_Infected_v_Illeum_Mock_Inmature Enterocyte 2_Non-Infected
2.80E-11,-0.507129217,0.98,1,5.93E-07,RPL10,Illeum_24h_Inmature Enterocyte 2_Infected_v_Illeum_Mock_Inmature Enterocyte 2_Non-Infected
3.11E-11,-0.621167288,0.64,0.943,6.59E-07,MUC17,Illeum_24h_Inmature Enterocyte 2_Infected_v_Illeum_Mock_Inmature Enterocyte 2_Non-Infected
3.16E-11,-0.766874541,0.76,0.969,6.70E-07,IGFBP3,Illeum_24h_Inmature Enterocyte 2_Infected_v_Illeum_Mock_Inmature Enterocyte 2_Non-Infected
3.92E-11,-1.070543965,0.6,0.876,8.31E-07,TM4SF20,Illeum_24h_Inmature Enterocyte 2_Infected_v_Illeum_Mock_Inmature Enterocyte 2_Non-Infected
4.40E-11,-0.609838511,0.4,0.845,9.31E-07,CDHR5,Illeum_24h_Inmature Enterocyte 2_Infected_v_Illeum_Mock_Inmature Enterocyte 2_Non-Infected
4.87E-11,-0.624689577,0.28,0.741,1.03E-06,SMIM24,Illeum_24h_Inmature Enterocyte 2_Infected_v_Illeum_Mock_Inmature Enterocyte 2_Non-Infected
5.16E-11,-0.514220736,0.98,1,1.09E-06,ATP1B1,Illeum_24h_Inmature Enterocyte 2_Infected_v_Illeum_Mock_Inmature Enterocyte 2_Non-Infected
5.17E-11,0.703937211,0.76,0.627,1.10E-06,PCLO,Illeum_24h_Inmature Enterocyte 2_Infected_v_Illeum_Mock_Inmature Enterocyte 2_Non-Infected
5.39E-11,-0.585407433,0.56,0.9,1.14E-06,BTNL3,Illeum_24h_Inmature Enterocyte 2_Infected_v_Illeum_Mock_Inmature Enterocyte 2_Non-Infected
5.64E-11,1.007082819,0.44,0.129,1.19E-06,CLEC2D,Illeum_24h_Inmature Enterocyte 2_Infected_v_Illeum_Mock_Inmature Enterocyte 2_Non-Infected
5.95E-11,0.763881754,0.66,0.558,1.26E-06,FSTL3,Illeum_24h_Inmature Enterocyte 2_Infected_v_Illeum_Mock_Inmature Enterocyte 2_Non-Infected
7.58E-11,-0.768286657,0.68,0.948,1.60E-06,PDZK1IP1,Illeum_24h_Inmature Enterocyte 2_Infected_v_Illeum_Mock_Inmature Enterocyte 2_Non-Infected
8.03E-11,-0.749492461,1,1,1.70E-06,TPM1,Illeum_24h_Inmature Enterocyte 2_Infected_v_Illeum_Mock_Inmature Enterocyte 2_Non-Infected
8.26E-11,0.509601602,0.8,0.597,1.75E-06,FAM101A,Illeum_24h_Inmature Enterocyte 2_Infected_v_Illeum_Mock_Inmature Enterocyte 2_Non-Infected
1.10E-10,0.739773565,0.38,0.248,2.32E-06,EDN2,Illeum_24h_Inmature Enterocyte 2_Infected_v_Illeum_Mock_Inmature Enterocyte 2_Non-Infected
1.23E-10,-0.695221263,0.64,0.941,2.60E-06,SLC5A1,Illeum_24h_Inmature Enterocyte 2_Infected_v_Illeum_Mock_Inmature Enterocyte 2_Non-Infected
1.31E-10,-0.557907136,0.84,0.98,2.77E-06,MYO1B,Illeum_24h_Inmature Enterocyte 2_Infected_v_Illeum_Mock_Inmature Enterocyte 2_Non-Infected
1.63E-10,-0.527059693,0.54,0.889,3.44E-06,FAM3D,Illeum_24h_Inmature Enterocyte 2_Infected_v_Illeum_Mock_Inmature Enterocyte 2_Non-Infected
1.67E-10,0.756920884,0.82,0.617,3.54E-06,BBC3,Illeum_24h_Inmature Enterocyte 2_Infected_v_Illeum_Mock_Inmature Enterocyte 2_Non-Infected
2.27E-10,0.855067488,0.8,0.545,4.80E-06,PLAU,Illeum_24h_Inmature Enterocyte 2_Infected_v_Illeum_Mock_Inmature Enterocyte 2_Non-Infected
2.30E-10,-0.57471281,0.6,0.919,4.87E-06,SQLE,Illeum_24h_Inmature Enterocyte 2_Infected_v_Illeum_Mock_Inmature Enterocyte 2_Non-Infected
2.96E-10,-0.523684137,0.52,0.88,6.28E-06,AKR1C3,Illeum_24h_Inmature Enterocyte 2_Infected_v_Illeum_Mock_Inmature Enterocyte 2_Non-Infected
3.81E-10,0.559950111,0.86,0.664,8.08E-06,PLK2,Illeum_24h_Inmature Enterocyte 2_Infected_v_Illeum_Mock_Inmature Enterocyte 2_Non-Infected
4.15E-10,0.573460861,0.86,0.874,8.79E-06,IFITM3,Illeum_24h_Inmature Enterocyte 2_Infected_v_Illeum_Mock_Inmature Enterocyte 2_Non-Infected
6.67E-10,0.816976344,0.88,0.852,1.41E-05,AP000769.1,Illeum_24h_Inmature Enterocyte 2_Infected_v_Illeum_Mock_Inmature Enterocyte 2_Non-Infected
7.36E-10,-0.622962086,0.8,0.969,1.56E-05,ALDH1A1,Illeum_24h_Inmature Enterocyte 2_Infected_v_Illeum_Mock_Inmature Enterocyte 2_Non-Infected
8.37E-10,-0.658681248,0.44,0.832,1.77E-05,CEACAM6,Illeum_24h_Inmature Enterocyte 2_Infected_v_Illeum_Mock_Inmature Enterocyte 2_Non-Infected
1.77E-09,0.686392637,0.58,0.475,3.76E-05,CD44,Illeum_24h_Inmature Enterocyte 2_Infected_v_Illeum_Mock_Inmature Enterocyte 2_Non-Infected
4.50E-09,-0.652456525,0.9,0.985,9.54E-05,SH3BGRL3,Illeum_24h_Inmature Enterocyte 2_Infected_v_Illeum_Mock_Inmature Enterocyte 2_Non-Infected
7.66E-09,0.585471289,0.74,0.649,0.000162285,FOS,Illeum_24h_Inmature Enterocyte 2_Infected_v_Illeum_Mock_Inmature Enterocyte 2_Non-Infected
7.74E-09,-0.595232394,0.44,0.821,0.000163975,ACE2,Illeum_24h_Inmature Enterocyte 2_Infected_v_Illeum_Mock_Inmature Enterocyte 2_Non-Infected
7.81E-09,0.707896605,0.88,0.78,0.000165537,IFI6,Illeum_24h_Inmature Enterocyte 2_Infected_v_Illeum_Mock_Inmature Enterocyte 2_Non-Infected
8.28E-09,-0.616747059,0.88,0.98,0.000175397,GLS,Illeum_24h_Inmature Enterocyte 2_Infected_v_Illeum_Mock_Inmature Enterocyte 2_Non-Infected
1.06E-08,-0.757621132,0.78,0.954,0.000225383,MDK,Illeum_24h_Inmature Enterocyte 2_Infected_v_Illeum_Mock_Inmature Enterocyte 2_Non-Infected
1.08E-08,-0.503034864,0.3,0.706,0.000228926,ABCG2,Illeum_24h_Inmature Enterocyte 2_Infected_v_Illeum_Mock_Inmature Enterocyte 2_Non-Infected
1.26E-08,0.59087337,0.66,0.338,0.000266544,MT2A,Illeum_24h_Inmature Enterocyte 2_Infected_v_Illeum_Mock_Inmature Enterocyte 2_Non-Infected
1.29E-08,0.714607383,0.74,0.614,0.000274291,CITED4,Illeum_24h_Inmature Enterocyte 2_Infected_v_Illeum_Mock_Inmature Enterocyte 2_Non-Infected
1.32E-08,-1.217190352,0.24,0.656,0.0002788,CYP3A4,Illeum_24h_Inmature Enterocyte 2_Infected_v_Illeum_Mock_Inmature Enterocyte 2_Non-Infected
1.54E-08,-0.648933604,0.88,0.98,0.000325463,HSPB1,Illeum_24h_Inmature Enterocyte 2_Infected_v_Illeum_Mock_Inmature Enterocyte 2_Non-Infected
1.58E-08,1.213878991,0.22,0.011,0.000335552,CCL5,Illeum_24h_Inmature Enterocyte 2_Infected_v_Illeum_Mock_Inmature Enterocyte 2_Non-Infected
1.63E-08,-0.560649414,0.38,0.769,0.000346376,SMPD3,Illeum_24h_Inmature Enterocyte 2_Infected_v_Illeum_Mock_Inmature Enterocyte 2_Non-Infected
2.27E-08,0.654602144,0.86,0.919,0.0004811,SOD2,Illeum_24h_Inmature Enterocyte 2_Infected_v_Illeum_Mock_Inmature Enterocyte 2_Non-Infected
3.18E-08,0.855640943,0.82,0.693,0.000673162,CXCL8,Illeum_24h_Inmature Enterocyte 2_Infected_v_Illeum_Mock_Inmature Enterocyte 2_Non-Infected
4.45E-08,0.509760427,0.8,0.641,0.000942442,C6orf222,Illeum_24h_Inmature Enterocyte 2_Infected_v_Illeum_Mock_Inmature Enterocyte 2_Non-Infected
6.15E-08,0.523825051,0.78,0.845,0.00130279,SLC25A37,Illeum_24h_Inmature Enterocyte 2_Infected_v_Illeum_Mock_Inmature Enterocyte 2_Non-Infected
7.76E-08,-0.768851173,1,0.998,0.001643439,PHGR1,Illeum_24h_Inmature Enterocyte 2_Infected_v_Illeum_Mock_Inmature Enterocyte 2_Non-Infected
8.29E-08,-0.507403376,0.68,0.937,0.001756346,PI3,Illeum_24h_Inmature Enterocyte 2_Infected_v_Illeum_Mock_Inmature Enterocyte 2_Non-Infected
1.26E-07,-0.82411864,0.3,0.673,0.002675302,CA4,Illeum_24h_Inmature Enterocyte 2_Infected_v_Illeum_Mock_Inmature Enterocyte 2_Non-Infected
1.38E-07,0.554306309,0.48,0.155,0.002926617,CYP1A1,Illeum_24h_Inmature Enterocyte 2_Infected_v_Illeum_Mock_Inmature Enterocyte 2_Non-Infected
1.91E-07,-1.084080916,0.72,0.932,0.004043714,SI,Illeum_24h_Inmature Enterocyte 2_Infected_v_Illeum_Mock_Inmature Enterocyte 2_Non-Infected
2.01E-07,-0.616351781,0.76,0.943,0.004266901,GSTM4,Illeum_24h_Inmature Enterocyte 2_Infected_v_Illeum_Mock_Inmature Enterocyte 2_Non-Infected
2.50E-07,-0.765852007,0.36,0.73,0.005294166,MTTP,Illeum_24h_Inmature Enterocyte 2_Infected_v_Illeum_Mock_Inmature Enterocyte 2_Non-Infected
5.16E-07,0.505969422,0.9,0.784,0.010927223,ISG20,Illeum_24h_Inmature Enterocyte 2_Infected_v_Illeum_Mock_Inmature Enterocyte 2_Non-Infected
5.42E-07,-0.762959857,0.62,0.834,0.011490554,ANXA1,Illeum_24h_Inmature Enterocyte 2_Infected_v_Illeum_Mock_Inmature Enterocyte 2_Non-Infected
1.08E-06,-0.664967132,0.64,0.865,0.022918377,AKR1B10,Illeum_24h_Inmature Enterocyte 2_Infected_v_Illeum_Mock_Inmature Enterocyte 2_Non-Infected
1.29E-06,-0.651886646,0.92,0.976,0.027250718,RARRES1,Illeum_24h_Inmature Enterocyte 2_Infected_v_Illeum_Mock_Inmature Enterocyte 2_Non-Infected
1.47E-06,-0.931725948,0.9,0.993,0.031170062,MUC13,Illeum_24h_Inmature Enterocyte 2_Infected_v_Illeum_Mock_Inmature Enterocyte 2_Non-Infected
1.54E-06,0.690945985,0.94,0.904,0.032603179,EDN1,Illeum_24h_Inmature Enterocyte 2_Infected_v_Illeum_Mock_Inmature Enterocyte 2_Non-Infected
2.14E-06,-0.800975735,0.88,0.978,0.045310945,ALDOB,Illeum_24h_Inmature Enterocyte 2_Infected_v_Illeum_Mock_Inmature Enterocyte 2_Non-Infected