Gene,pvalue,log2FoldChange,pct.1,pct.2,padj,comparison
SEP7,0.00023,-0.26601,0.87900,0.82400,1.00000,ciliated_sars_vs_healthy
SEP15,0.00000,0.34271,0.88200,0.67700,0.00000,ciliated_sars_vs_healthy
ABCA13,0.00000,-0.38062,0.92500,0.84200,0.01006,ciliated_sars_vs_healthy
ABCC5,0.00000,-0.41934,0.43400,0.47900,0.00000,ciliated_sars_vs_healthy
ABI2,0.00000,-0.28130,0.62300,0.57200,0.00083,ciliated_sars_vs_healthy
ABLIM1,0.00000,0.49304,0.93300,0.73400,0.00000,ciliated_sars_vs_healthy
ABRACL,0.00000,0.39247,0.86400,0.61800,0.00000,ciliated_sars_vs_healthy
AC110619.2,0.00000,0.35086,0.50300,0.08600,0.00000,ciliated_sars_vs_healthy
ACAP2,0.00000,-0.32747,0.85100,0.77500,0.00000,ciliated_sars_vs_healthy
ACOT11,0.00000,-0.31256,0.21200,0.37300,0.00000,ciliated_sars_vs_healthy
ACSL3,0.00000,0.26824,0.91000,0.74900,0.00000,ciliated_sars_vs_healthy
ADAM28,0.00000,-0.37614,0.87100,0.80100,0.00040,ciliated_sars_vs_healthy
ADH1B,0.00000,0.43293,0.69700,0.36300,0.00000,ciliated_sars_vs_healthy
ADI1,0.00000,0.46667,0.89600,0.69400,0.00000,ciliated_sars_vs_healthy
ADRM1,0.00000,0.30115,0.83700,0.58500,0.00000,ciliated_sars_vs_healthy
AGL,0.00000,-0.38706,0.63700,0.62800,0.00000,ciliated_sars_vs_healthy
AGO3,0.00000,-0.25740,0.54400,0.53000,0.00040,ciliated_sars_vs_healthy
AGR2,0.00000,2.11909,0.97100,0.91500,0.00000,ciliated_sars_vs_healthy
AHNAK,0.00000,-0.47702,0.95500,0.95900,0.00000,ciliated_sars_vs_healthy
AHNAK2,0.00000,-0.42447,0.15600,0.32700,0.00000,ciliated_sars_vs_healthy
AHSA2,0.00000,-0.25916,0.54700,0.53000,0.00180,ciliated_sars_vs_healthy
AKAP9,0.00000,-0.27327,0.93000,0.88000,0.00000,ciliated_sars_vs_healthy
AKR1A1,0.00000,0.52428,0.94800,0.85400,0.00000,ciliated_sars_vs_healthy
AKR1B10,0.00000,0.44697,0.58400,0.26800,0.00000,ciliated_sars_vs_healthy
AKR1C1,0.00000,0.47658,0.85300,0.72100,0.00000,ciliated_sars_vs_healthy
AKR1C2,0.00013,0.32314,0.93000,0.85200,1.00000,ciliated_sars_vs_healthy
ALCAM,0.00000,0.25449,0.97400,0.91800,0.00000,ciliated_sars_vs_healthy
ALDH1A1,0.00000,0.39851,0.98800,0.97200,0.00000,ciliated_sars_vs_healthy
ALDH3A2,0.00000,-0.51807,0.83600,0.80100,0.00000,ciliated_sars_vs_healthy
ALDH3B1,0.00000,0.44041,0.77400,0.38700,0.00000,ciliated_sars_vs_healthy
ALDH7A1,0.00000,-0.37723,0.39900,0.39200,0.03292,ciliated_sars_vs_healthy
ALDOA,0.00000,0.51361,0.96600,0.94400,0.00000,ciliated_sars_vs_healthy
ALPL,0.00000,0.99723,0.79700,0.23400,0.00000,ciliated_sars_vs_healthy
AMD1,0.00000,0.34668,0.86700,0.60100,0.00000,ciliated_sars_vs_healthy
AMN,0.00000,0.31349,0.68200,0.24400,0.00000,ciliated_sars_vs_healthy
ANAPC11,0.00000,0.35882,0.87700,0.68700,0.00000,ciliated_sars_vs_healthy
ANG,0.00000,0.49271,0.60600,0.15600,0.00000,ciliated_sars_vs_healthy
ANK3,0.00000,-0.53750,0.80200,0.80100,0.00000,ciliated_sars_vs_healthy
ANKLE2,0.00000,-0.26464,0.71400,0.65600,0.00005,ciliated_sars_vs_healthy
ANKRD11,0.00000,-0.44962,0.84600,0.82800,0.00000,ciliated_sars_vs_healthy
ANKRD12,0.00000,-0.55273,0.89100,0.84500,0.00000,ciliated_sars_vs_healthy
ANKRD17,0.00000,-0.26709,0.75500,0.70300,0.00000,ciliated_sars_vs_healthy
ANKRD36,0.05729,-0.29800,0.74900,0.61300,1.00000,ciliated_sars_vs_healthy
ANXA1,0.00000,0.69597,0.97500,0.97500,0.00000,ciliated_sars_vs_healthy
ANXA11,0.00000,0.26884,0.95500,0.88200,0.00000,ciliated_sars_vs_healthy
ANXA3,0.00000,0.28378,0.84400,0.59600,0.00000,ciliated_sars_vs_healthy
ANXA4,0.00000,0.29102,0.83900,0.59900,0.00000,ciliated_sars_vs_healthy
ANXA5,0.00000,0.35299,0.88700,0.73700,0.00000,ciliated_sars_vs_healthy
AP2S1,0.00000,0.29619,0.84100,0.61700,0.00000,ciliated_sars_vs_healthy
APLP2,0.00000,-0.62688,0.95100,0.94800,0.00000,ciliated_sars_vs_healthy
APOD,0.00000,0.49002,0.62200,0.20100,0.00000,ciliated_sars_vs_healthy
APP,0.00000,-0.36656,0.87500,0.83200,0.00000,ciliated_sars_vs_healthy
APPL1,0.01558,-0.25035,0.68700,0.57700,1.00000,ciliated_sars_vs_healthy
AQP3,0.00000,-0.61382,0.98800,0.99700,0.00000,ciliated_sars_vs_healthy
AQP5,0.00000,0.57291,0.94100,0.87500,0.00000,ciliated_sars_vs_healthy
ARAP2,0.00000,-0.25784,0.68000,0.62100,0.00332,ciliated_sars_vs_healthy
ARF4,0.00000,0.44804,0.89600,0.70300,0.00000,ciliated_sars_vs_healthy
ARFGAP3,0.00000,0.27185,0.86000,0.63000,0.00000,ciliated_sars_vs_healthy
ARGLU1,0.00000,-0.29645,0.91700,0.85200,0.00000,ciliated_sars_vs_healthy
ARHGAP21,0.00000,-0.33432,0.67300,0.63900,0.00000,ciliated_sars_vs_healthy
ARHGAP23,0.00000,-0.35302,0.47900,0.48700,0.00000,ciliated_sars_vs_healthy
ARHGAP24,0.00000,-0.33381,0.43100,0.45800,0.00000,ciliated_sars_vs_healthy
ARHGAP5,0.00000,-0.40428,0.87200,0.85100,0.00000,ciliated_sars_vs_healthy
ARHGDIB,0.00000,0.39567,0.81200,0.60000,0.00000,ciliated_sars_vs_healthy
ARHGEF12,0.00000,-0.37808,0.78900,0.76800,0.00000,ciliated_sars_vs_healthy
ARID4B,0.00000,-0.25497,0.84900,0.78300,0.00000,ciliated_sars_vs_healthy
ARID5B,0.00000,-0.30241,0.74100,0.70600,0.00020,ciliated_sars_vs_healthy
ARL1,0.00000,0.35368,0.89200,0.69200,0.00000,ciliated_sars_vs_healthy
ARL4A,0.21340,-0.30017,0.77300,0.63700,1.00000,ciliated_sars_vs_healthy
ARL4C,0.00000,-0.38140,0.16000,0.31700,0.00000,ciliated_sars_vs_healthy
ARL4D,0.00000,-0.46757,0.39300,0.44900,0.00000,ciliated_sars_vs_healthy
ARPC1B,0.00000,0.29102,0.85500,0.68900,0.00000,ciliated_sars_vs_healthy
ARPC3,0.00000,0.74269,0.94900,0.90100,0.00000,ciliated_sars_vs_healthy
ARRB2,0.00000,0.34767,0.71400,0.37200,0.00000,ciliated_sars_vs_healthy
ARRDC3,0.00000,-0.34828,0.66200,0.62400,0.00000,ciliated_sars_vs_healthy
ARSD,0.00000,-0.48923,0.57500,0.64500,0.00000,ciliated_sars_vs_healthy
ASAH1,0.00000,0.25347,0.95600,0.87300,0.00000,ciliated_sars_vs_healthy
ASH1L,0.00000,-0.41634,0.83300,0.81500,0.00000,ciliated_sars_vs_healthy
ASRGL1,0.00000,0.57023,0.92900,0.72000,0.00000,ciliated_sars_vs_healthy
ASS1,0.00000,0.56987,0.94800,0.84200,0.00000,ciliated_sars_vs_healthy
ATOX1,0.00000,0.58318,0.91000,0.70100,0.00000,ciliated_sars_vs_healthy
ATP12A,0.00000,1.11940,0.67400,0.20300,0.00000,ciliated_sars_vs_healthy
ATP1A1,0.00000,-0.62095,0.96100,0.96100,0.00000,ciliated_sars_vs_healthy
ATP1B1,0.00000,0.42929,0.99200,0.96300,0.00000,ciliated_sars_vs_healthy
ATP1B3,0.00000,-1.02732,0.87600,0.90300,0.00000,ciliated_sars_vs_healthy
ATP2A2,0.00000,-0.30937,0.87900,0.83800,0.00000,ciliated_sars_vs_healthy
ATP2B4,0.00000,-0.45178,0.47100,0.46200,0.00001,ciliated_sars_vs_healthy
ATP2C2,0.00000,0.28150,0.64900,0.29700,0.00000,ciliated_sars_vs_healthy
ATP5C1,0.00000,0.40290,0.91400,0.73100,0.00000,ciliated_sars_vs_healthy
ATP5E,0.00000,0.84574,0.95400,0.91700,0.00000,ciliated_sars_vs_healthy
ATP5I,0.00000,0.74420,0.95100,0.86800,0.00000,ciliated_sars_vs_healthy
ATP5J2,0.00000,0.52219,0.92000,0.81800,0.00000,ciliated_sars_vs_healthy
ATP5L,0.00000,0.45476,0.94200,0.88200,0.00000,ciliated_sars_vs_healthy
ATP5O,0.00000,0.25489,0.90900,0.81300,0.00000,ciliated_sars_vs_healthy
ATP6V0B,0.00000,0.44790,0.91200,0.81100,0.00000,ciliated_sars_vs_healthy
ATP6V0E1,0.00000,0.35266,0.91900,0.82400,0.00000,ciliated_sars_vs_healthy
ATP6V1F,0.00000,0.45714,0.85300,0.69400,0.00000,ciliated_sars_vs_healthy
ATP6V1G1,0.00000,0.55289,0.96700,0.90700,0.00000,ciliated_sars_vs_healthy
ATPIF1,0.00000,0.44459,0.93500,0.85500,0.00000,ciliated_sars_vs_healthy
ATRX,0.00000,-0.47249,0.87800,0.86200,0.00000,ciliated_sars_vs_healthy
ATXN1,0.00000,-0.26070,0.24800,0.32000,0.00000,ciliated_sars_vs_healthy
AURKAIP1,0.00000,0.33972,0.90800,0.77200,0.00000,ciliated_sars_vs_healthy
AZGP1,0.00000,0.45804,0.67300,0.21800,0.00000,ciliated_sars_vs_healthy
B2M,0.00000,0.60196,0.99600,0.99700,0.00000,ciliated_sars_vs_healthy
B3GALT5,0.00000,-0.33383,0.48700,0.51800,0.00000,ciliated_sars_vs_healthy
B3GNT7,0.00000,0.31837,0.75900,0.41300,0.00000,ciliated_sars_vs_healthy
B4GALT5,0.00000,0.38128,0.91100,0.75400,0.00000,ciliated_sars_vs_healthy
BAG1,0.00000,0.35677,0.94600,0.85800,0.00000,ciliated_sars_vs_healthy
BAG3,0.00000,-0.30758,0.55000,0.50100,0.00758,ciliated_sars_vs_healthy
BAX,0.00000,0.26127,0.74700,0.38200,0.00000,ciliated_sars_vs_healthy
BAZ1B,0.00013,-0.30820,0.66800,0.58600,1.00000,ciliated_sars_vs_healthy
BAZ2B,0.00000,-0.42067,0.81300,0.78500,0.00000,ciliated_sars_vs_healthy
BCAM,0.00000,-0.74165,0.21300,0.42100,0.00000,ciliated_sars_vs_healthy
BCAS1,0.00000,0.47385,0.84100,0.50300,0.00000,ciliated_sars_vs_healthy
BCAT1,0.00000,0.64722,0.47100,0.07500,0.00000,ciliated_sars_vs_healthy
BCL2L11,0.00000,-0.26217,0.45800,0.49300,0.00000,ciliated_sars_vs_healthy
BCL6,0.00000,-0.34992,0.82800,0.76600,0.00000,ciliated_sars_vs_healthy
BCLAF1,0.00000,-0.36237,0.88800,0.84100,0.00000,ciliated_sars_vs_healthy
BDP1,0.00000,-0.26662,0.72600,0.68700,0.00000,ciliated_sars_vs_healthy
BHLHE40,0.00000,-0.51948,0.66200,0.69200,0.00000,ciliated_sars_vs_healthy
BID,0.00000,0.26561,0.71900,0.37200,0.00000,ciliated_sars_vs_healthy
BIK,0.00000,0.43210,0.77800,0.37200,0.00000,ciliated_sars_vs_healthy
BIRC3,0.00000,0.32750,0.65600,0.33000,0.00000,ciliated_sars_vs_healthy
BLOC1S1,0.00000,0.57851,0.90300,0.74600,0.00000,ciliated_sars_vs_healthy
BLVRB,0.00000,0.42682,0.88800,0.73500,0.00000,ciliated_sars_vs_healthy
BOD1L1,0.00000,-0.41468,0.83900,0.77000,0.00000,ciliated_sars_vs_healthy
BPIFA1,0.00000,-0.39648,0.40100,0.48000,0.02265,ciliated_sars_vs_healthy
BPIFA2,0.00000,0.60822,0.62400,0.17500,0.00000,ciliated_sars_vs_healthy
BPIFB1,0.00000,2.07845,0.83600,0.52800,0.00000,ciliated_sars_vs_healthy
BPTF,0.00000,-0.37088,0.84000,0.78000,0.00000,ciliated_sars_vs_healthy
BRD2,0.00000,-0.28625,0.85100,0.78700,0.00000,ciliated_sars_vs_healthy
BRD4,0.00000,-0.27209,0.78400,0.74200,0.00000,ciliated_sars_vs_healthy
BRI3,0.00000,0.42036,0.87500,0.78200,0.00000,ciliated_sars_vs_healthy
BRWD1,0.00000,-0.35420,0.73100,0.69900,0.00000,ciliated_sars_vs_healthy
BST2,0.00000,0.75988,0.88500,0.62400,0.00000,ciliated_sars_vs_healthy
BTG1,0.00000,-0.59664,0.90100,0.91700,0.00000,ciliated_sars_vs_healthy
BTG2,0.00000,-0.66061,0.28100,0.46300,0.00000,ciliated_sars_vs_healthy
BZW1,0.00000,0.32838,0.95200,0.85500,0.00000,ciliated_sars_vs_healthy
C10orf54,0.00000,0.26720,0.75500,0.43000,0.00000,ciliated_sars_vs_healthy
C11orf31,0.00000,0.49128,0.91600,0.73400,0.00000,ciliated_sars_vs_healthy
C11orf58,0.00000,0.28693,0.92800,0.78200,0.00000,ciliated_sars_vs_healthy
C12orf23,0.00000,0.28949,0.66700,0.32700,0.00000,ciliated_sars_vs_healthy
C14orf166,0.00000,0.26950,0.88300,0.70300,0.00000,ciliated_sars_vs_healthy
C14orf2,0.00000,0.55306,0.93400,0.83700,0.00000,ciliated_sars_vs_healthy
C15orf48,0.00000,1.40066,0.81300,0.42300,0.00000,ciliated_sars_vs_healthy
C16orf13,0.00000,0.25110,0.73200,0.37900,0.00000,ciliated_sars_vs_healthy
C19orf10,0.00000,0.74937,0.88800,0.61300,0.00000,ciliated_sars_vs_healthy
C19orf33,0.00000,1.09934,0.95300,0.84400,0.00000,ciliated_sars_vs_healthy
C19orf53,0.00000,0.30551,0.86500,0.73200,0.00000,ciliated_sars_vs_healthy
C19orf70,0.00000,0.27695,0.85900,0.65100,0.00000,ciliated_sars_vs_healthy
C1orf122,0.00000,0.27934,0.76100,0.47200,0.00000,ciliated_sars_vs_healthy
C1orf63,0.00000,-0.42543,0.85300,0.81300,0.00000,ciliated_sars_vs_healthy
C20orf24,0.00000,0.41651,0.86200,0.66100,0.00000,ciliated_sars_vs_healthy
C4orf3,0.00000,0.36971,0.89300,0.75900,0.00000,ciliated_sars_vs_healthy
C6orf48,0.00719,-0.30591,0.43000,0.37600,1.00000,ciliated_sars_vs_healthy
C8orf59,0.00000,0.39614,0.89100,0.70700,0.00000,ciliated_sars_vs_healthy
C9orf16,0.00000,0.36796,0.87700,0.76300,0.00000,ciliated_sars_vs_healthy
CA12,0.00000,-0.70158,0.53600,0.57300,0.00000,ciliated_sars_vs_healthy
CALD1,0.00000,-0.50867,0.11200,0.21400,0.00000,ciliated_sars_vs_healthy
CALM2,0.00000,0.38382,0.94200,0.90600,0.00000,ciliated_sars_vs_healthy
CALML3,0.00000,-0.68838,0.01800,0.24200,0.00000,ciliated_sars_vs_healthy
CANX,0.00000,-0.27582,0.93400,0.91300,0.00000,ciliated_sars_vs_healthy
CAPN13,0.00000,0.27630,0.71600,0.50700,0.00000,ciliated_sars_vs_healthy
CAPS,0.00000,-0.49309,0.15600,0.45200,0.00000,ciliated_sars_vs_healthy
CARHSP1,0.00000,0.36415,0.85100,0.63500,0.00000,ciliated_sars_vs_healthy
CASK,0.00003,-0.25170,0.52800,0.48900,0.68954,ciliated_sars_vs_healthy
CASP4,0.00000,0.26195,0.85900,0.64600,0.00000,ciliated_sars_vs_healthy
CAST,0.00000,-0.28780,0.97000,0.95600,0.00000,ciliated_sars_vs_healthy
CBR1,0.00000,0.84758,0.90800,0.66900,0.00000,ciliated_sars_vs_healthy
CBR3,0.00000,0.42902,0.57200,0.21100,0.00000,ciliated_sars_vs_healthy
CBX6,0.00000,0.28690,0.72000,0.36100,0.00000,ciliated_sars_vs_healthy
CCAR1,0.00000,-0.27992,0.79900,0.74400,0.00001,ciliated_sars_vs_healthy
CCL28,0.00000,0.26865,0.65000,0.28600,0.00000,ciliated_sars_vs_healthy
CCND1,0.00000,0.30567,0.84400,0.59700,0.00000,ciliated_sars_vs_healthy
CCNL1,0.00000,-0.32314,0.76800,0.72000,0.00000,ciliated_sars_vs_healthy
CCNO,0.00000,0.43340,0.72800,0.40700,0.00000,ciliated_sars_vs_healthy
CD44,0.00000,-0.85641,0.70700,0.71700,0.00000,ciliated_sars_vs_healthy
CD46,0.00000,-0.33176,0.92200,0.87200,0.00000,ciliated_sars_vs_healthy
CD47,0.00000,0.26949,0.87000,0.66500,0.00000,ciliated_sars_vs_healthy
CD63,0.00000,0.44990,0.97800,0.97000,0.00000,ciliated_sars_vs_healthy
CD81,0.00000,-0.77706,0.91100,0.89200,0.00000,ciliated_sars_vs_healthy
CD9,0.00000,-0.52819,0.96700,0.97700,0.00000,ciliated_sars_vs_healthy
CDC42EP5,0.00000,0.93403,0.90800,0.60300,0.00000,ciliated_sars_vs_healthy
CDH1,0.00000,-0.26932,0.88300,0.83400,0.00000,ciliated_sars_vs_healthy
CDK12,0.00000,-0.30238,0.70700,0.67500,0.00000,ciliated_sars_vs_healthy
CDK13,0.00000,-0.26635,0.63000,0.62400,0.00000,ciliated_sars_vs_healthy
CEACAM5,0.00000,1.16412,0.92600,0.48300,0.00000,ciliated_sars_vs_healthy
CEACAM6,0.00000,0.88587,0.84700,0.41300,0.00000,ciliated_sars_vs_healthy
CEBPD,0.00000,-0.36773,0.89600,0.86500,0.00000,ciliated_sars_vs_healthy
CENPC,0.00000,-0.32236,0.73400,0.69300,0.00000,ciliated_sars_vs_healthy
CEP68,0.00000,-0.42899,0.26300,0.40400,0.00000,ciliated_sars_vs_healthy
CES1,0.00000,-0.75828,0.22000,0.31400,0.00000,ciliated_sars_vs_healthy
CES2,0.00825,-0.26415,0.49100,0.42400,1.00000,ciliated_sars_vs_healthy
CFB,0.00000,0.54015,0.81600,0.39700,0.00000,ciliated_sars_vs_healthy
CFL1,0.00000,0.27769,0.93300,0.93400,0.00000,ciliated_sars_vs_healthy
CFLAR,0.00000,-0.36566,0.84500,0.80700,0.00000,ciliated_sars_vs_healthy
CHCHD2,0.00000,0.56565,0.93600,0.88900,0.00000,ciliated_sars_vs_healthy
CHD2,0.00000,-0.44757,0.84700,0.82000,0.00000,ciliated_sars_vs_healthy
CHD3,0.00000,-0.25051,0.82500,0.74600,0.00013,ciliated_sars_vs_healthy
CHD6,0.00000,-0.28231,0.74800,0.71000,0.00000,ciliated_sars_vs_healthy
CHD7,0.00000,-0.25818,0.45700,0.48200,0.00001,ciliated_sars_vs_healthy
CHD9,0.00000,-0.47419,0.85600,0.83200,0.00000,ciliated_sars_vs_healthy
CHL1,0.00000,-0.31027,0.85000,0.77000,0.00000,ciliated_sars_vs_healthy
CHMP2A,0.00000,0.26669,0.90600,0.79400,0.00000,ciliated_sars_vs_healthy
CHMP2B,0.00000,0.26031,0.80900,0.53900,0.00000,ciliated_sars_vs_healthy
CHMP3,0.00000,0.31853,0.90000,0.68000,0.00000,ciliated_sars_vs_healthy
CHMP4B,0.00000,0.29013,0.90500,0.74900,0.00000,ciliated_sars_vs_healthy
CHMP5,0.00000,0.46212,0.88200,0.66300,0.00000,ciliated_sars_vs_healthy
CHP1,0.00000,0.42575,0.88300,0.62000,0.00000,ciliated_sars_vs_healthy
CHPT1,0.00000,0.47055,0.86700,0.57000,0.00000,ciliated_sars_vs_healthy
CIB1,0.00000,0.39763,0.90100,0.83900,0.00000,ciliated_sars_vs_healthy
CISD1,0.00000,0.30901,0.81500,0.49600,0.00000,ciliated_sars_vs_healthy
CISD2,0.00000,0.26655,0.69500,0.34200,0.00000,ciliated_sars_vs_healthy
CITED4,0.00000,0.33566,0.72000,0.34400,0.00000,ciliated_sars_vs_healthy
CLCA2,0.00000,-0.59424,0.05800,0.27900,0.00000,ciliated_sars_vs_healthy
CLCA4,0.00000,-0.96280,0.21100,0.38900,0.00000,ciliated_sars_vs_healthy
CLDN1,0.00000,-0.50734,0.72000,0.74600,0.00000,ciliated_sars_vs_healthy
CLDN10,0.00000,0.57867,0.53500,0.18000,0.00000,ciliated_sars_vs_healthy
CLDN3,0.00000,0.25089,0.63200,0.30400,0.00000,ciliated_sars_vs_healthy
CLDN7,0.00000,0.71224,0.97900,0.94400,0.00000,ciliated_sars_vs_healthy
CLEC2B,0.27488,-0.25809,0.72400,0.61700,1.00000,ciliated_sars_vs_healthy
CLIC1,0.00000,0.51244,0.95500,0.92100,0.00000,ciliated_sars_vs_healthy
CLIC3,0.00000,0.44767,0.51400,0.15200,0.00000,ciliated_sars_vs_healthy
CLK1,0.00000,-0.33550,0.59200,0.61700,0.00000,ciliated_sars_vs_healthy
CLSTN1,0.00000,-0.64323,0.84700,0.83900,0.00000,ciliated_sars_vs_healthy
CLTA,0.00000,0.49369,0.93400,0.82000,0.00000,ciliated_sars_vs_healthy
CLTB,0.00000,0.45233,0.89900,0.68700,0.00000,ciliated_sars_vs_healthy
CLU,0.00000,-0.59828,0.89500,0.74900,0.00004,ciliated_sars_vs_healthy
CMAS,0.00000,0.39676,0.84700,0.56800,0.00000,ciliated_sars_vs_healthy
CMPK1,0.00000,0.30487,0.93000,0.80000,0.00000,ciliated_sars_vs_healthy
CMYA5,0.00000,-0.41601,0.53200,0.53400,0.00001,ciliated_sars_vs_healthy
CNKSR3,0.97842,-0.26190,0.57300,0.46900,1.00000,ciliated_sars_vs_healthy
CNPY2,0.00000,0.26402,0.86900,0.67900,0.00000,ciliated_sars_vs_healthy
COA3,0.00000,0.30593,0.78400,0.47500,0.00000,ciliated_sars_vs_healthy
COL4A5,0.00000,-0.36281,0.22800,0.35800,0.00000,ciliated_sars_vs_healthy
COPE,0.00000,0.46235,0.90700,0.78600,0.00000,ciliated_sars_vs_healthy
COX14,0.00000,0.44165,0.88900,0.68900,0.00000,ciliated_sars_vs_healthy
COX16,0.00000,0.59260,0.91500,0.73800,0.00000,ciliated_sars_vs_healthy
COX17,0.00000,0.78312,0.91500,0.64500,0.00000,ciliated_sars_vs_healthy
COX4I1,0.00000,0.29144,0.93500,0.92800,0.00000,ciliated_sars_vs_healthy
COX5A,0.00000,0.54003,0.93300,0.78500,0.00000,ciliated_sars_vs_healthy
COX6A1,0.00000,0.71941,0.95600,0.89700,0.00000,ciliated_sars_vs_healthy
COX6B1,0.00000,0.34057,0.94600,0.91500,0.00000,ciliated_sars_vs_healthy
COX6C,0.00000,0.60148,0.96300,0.94100,0.00000,ciliated_sars_vs_healthy
COX7A2,0.00000,0.82781,0.94100,0.89900,0.00000,ciliated_sars_vs_healthy
COX7A2L,0.00000,0.25499,0.80600,0.54100,0.00000,ciliated_sars_vs_healthy
COX7B,0.00000,0.45130,0.94100,0.87300,0.00000,ciliated_sars_vs_healthy
COX7C,0.00000,0.45084,0.95900,0.93400,0.00000,ciliated_sars_vs_healthy
COX8A,0.00000,0.35335,0.92200,0.86300,0.00000,ciliated_sars_vs_healthy
CP,0.00000,0.41803,0.97600,0.75200,0.00000,ciliated_sars_vs_healthy
CPEB4,0.00798,-0.26106,0.80000,0.68300,1.00000,ciliated_sars_vs_healthy
CRB3,0.00000,0.27615,0.65000,0.26600,0.00000,ciliated_sars_vs_healthy
CREB3L1,0.00000,0.29932,0.88200,0.65200,0.00000,ciliated_sars_vs_healthy
CREBBP,0.00000,-0.28803,0.65700,0.63700,0.00000,ciliated_sars_vs_healthy
CREBRF,0.00000,-0.35457,0.59700,0.60300,0.00000,ciliated_sars_vs_healthy
CRIP1,0.00000,0.47435,0.50700,0.18200,0.00000,ciliated_sars_vs_healthy
CRYM,0.00000,0.68168,0.79400,0.36800,0.00000,ciliated_sars_vs_healthy
CSNK1E,0.00000,-0.26528,0.77200,0.70800,0.00000,ciliated_sars_vs_healthy
CSRP2,0.00000,-0.69515,0.33200,0.39700,0.00000,ciliated_sars_vs_healthy
CST3,0.00000,0.57156,0.95100,0.96100,0.00000,ciliated_sars_vs_healthy
CSTA,0.00000,0.54224,0.88900,0.72000,0.00000,ciliated_sars_vs_healthy
CSTB,0.00000,0.63828,0.97000,0.95600,0.00000,ciliated_sars_vs_healthy
CTC-425F1.4,0.00000,0.36054,0.43000,0.14500,0.00000,ciliated_sars_vs_healthy
CTNND1,0.00000,-0.32970,0.91300,0.88600,0.00000,ciliated_sars_vs_healthy
CTSH,0.00000,0.40842,0.86100,0.58900,0.00000,ciliated_sars_vs_healthy
CTSS,0.00000,0.45944,0.91700,0.71000,0.00000,ciliated_sars_vs_healthy
CX3CL1,0.00000,-0.32480,0.39500,0.44800,0.00000,ciliated_sars_vs_healthy
CXCL1,0.00000,1.82714,0.61500,0.22100,0.00000,ciliated_sars_vs_healthy
CXCL17,0.00000,0.80612,0.97200,0.91800,0.00000,ciliated_sars_vs_healthy
CXCL3,0.00000,0.90676,0.39900,0.07600,0.00000,ciliated_sars_vs_healthy
CXCL6,0.00000,1.14427,0.60200,0.17000,0.00000,ciliated_sars_vs_healthy
CXXC5,0.00000,0.26785,0.84200,0.60600,0.00000,ciliated_sars_vs_healthy
CYB5A,0.00000,0.63286,0.93000,0.78600,0.00000,ciliated_sars_vs_healthy
CYBA,0.00000,0.76176,0.93700,0.90300,0.00000,ciliated_sars_vs_healthy
CYP26A1,0.00000,-0.60000,0.09000,0.25800,0.00000,ciliated_sars_vs_healthy
CYP2F1,0.00000,0.60313,0.89800,0.58700,0.00000,ciliated_sars_vs_healthy
CYP2J2,0.00000,0.30455,0.68900,0.38600,0.00000,ciliated_sars_vs_healthy
CYP4B1,0.00000,-0.70339,0.91600,0.88200,0.00000,ciliated_sars_vs_healthy
CYP4X1,0.00000,-0.25447,0.51300,0.51500,0.00006,ciliated_sars_vs_healthy
CYSTM1,0.00000,0.25323,0.85000,0.69700,0.00000,ciliated_sars_vs_healthy
DAD1,0.00000,0.46157,0.90300,0.73700,0.00000,ciliated_sars_vs_healthy
DAP,0.00000,0.28194,0.85800,0.60100,0.00000,ciliated_sars_vs_healthy
DAPL1,0.07560,-0.38467,0.67600,0.53800,1.00000,ciliated_sars_vs_healthy
DBI,0.00000,0.27034,0.90900,0.83700,0.00000,ciliated_sars_vs_healthy
DCAF5,0.00000,-0.26059,0.58000,0.54800,0.00006,ciliated_sars_vs_healthy
DDI2,0.00000,-0.30062,0.65300,0.64800,0.00000,ciliated_sars_vs_healthy
DDIT4,0.00000,-0.42742,0.72300,0.69200,0.00253,ciliated_sars_vs_healthy
DDR1,0.00000,-0.43061,0.88800,0.86300,0.00000,ciliated_sars_vs_healthy
DDX17,0.00000,-0.47195,0.93700,0.90100,0.00000,ciliated_sars_vs_healthy
DDX42,0.00000,-0.28844,0.78800,0.75100,0.00000,ciliated_sars_vs_healthy
DEFB1,0.00000,0.71929,0.72600,0.27200,0.00000,ciliated_sars_vs_healthy
DEFB4A,0.00000,0.63518,0.37200,0.06600,0.00000,ciliated_sars_vs_healthy
DEGS2,0.00000,0.41746,0.79100,0.45600,0.00000,ciliated_sars_vs_healthy
DENND2C,0.00001,-0.25554,0.58300,0.53700,0.34324,ciliated_sars_vs_healthy
DGKA,0.00000,-0.40551,0.59000,0.58600,0.00000,ciliated_sars_vs_healthy
DGKH,0.00000,-0.49550,0.69600,0.72400,0.00000,ciliated_sars_vs_healthy
DHRS9,0.00000,1.01417,0.92100,0.54600,0.00000,ciliated_sars_vs_healthy
DHX9,0.00000,-0.28950,0.75300,0.71800,0.00000,ciliated_sars_vs_healthy
DLG5,0.00000,-0.44241,0.53200,0.58600,0.00000,ciliated_sars_vs_healthy
DMTF1,0.00000,-0.27396,0.35600,0.40100,0.00000,ciliated_sars_vs_healthy
DNAJA1,0.00000,0.40822,0.93200,0.77000,0.00000,ciliated_sars_vs_healthy
DNAJB1,0.00000,-0.43511,0.75100,0.63100,0.03645,ciliated_sars_vs_healthy
DNAJB14,0.00000,-0.30326,0.74400,0.68600,0.00000,ciliated_sars_vs_healthy
DNAJC15,0.00000,0.55612,0.89000,0.69400,0.00000,ciliated_sars_vs_healthy
DNAJC3,0.00000,0.32668,0.89700,0.73000,0.00000,ciliated_sars_vs_healthy
DSC3,0.00000,-0.27131,0.10600,0.23900,0.00000,ciliated_sars_vs_healthy
DSP,0.00000,-1.09688,0.88500,0.92800,0.00000,ciliated_sars_vs_healthy
DST,0.00000,-1.91407,0.32600,0.60300,0.00000,ciliated_sars_vs_healthy
DSTN,0.00000,0.61688,0.96900,0.90700,0.00000,ciliated_sars_vs_healthy
DUOX1,0.00000,-0.30624,0.57300,0.52800,0.00147,ciliated_sars_vs_healthy
DUOX2,0.00000,0.29012,0.84400,0.46800,0.00000,ciliated_sars_vs_healthy
DUOXA2,0.00000,0.69990,0.64800,0.30300,0.00000,ciliated_sars_vs_healthy
DUSP1,0.00000,-0.50593,0.58200,0.59600,0.00005,ciliated_sars_vs_healthy
DUSP6,0.00000,-0.33764,0.23100,0.34500,0.00000,ciliated_sars_vs_healthy
DYNC1H1,0.00000,-0.27315,0.85100,0.80800,0.00000,ciliated_sars_vs_healthy
DYNC1I2,0.00000,0.25005,0.91100,0.74200,0.00000,ciliated_sars_vs_healthy
DYNC1LI2,0.00000,-0.35036,0.86700,0.79900,0.00000,ciliated_sars_vs_healthy
DYNLL1,0.00000,0.78225,0.91000,0.83200,0.00000,ciliated_sars_vs_healthy
DYNLT1,0.00000,0.57670,0.90700,0.79300,0.00000,ciliated_sars_vs_healthy
ECE1,0.00000,-0.35331,0.79900,0.76100,0.00000,ciliated_sars_vs_healthy
EDF1,0.00000,0.31565,0.92400,0.86300,0.00000,ciliated_sars_vs_healthy
EEA1,0.00010,-0.25883,0.75000,0.65600,1.00000,ciliated_sars_vs_healthy
EEF2,0.00000,-0.33027,0.93800,0.89600,0.07559,ciliated_sars_vs_healthy
EFHD2,0.00000,0.65886,0.93400,0.79700,0.00000,ciliated_sars_vs_healthy
EFNA1,0.00002,-0.26031,0.53300,0.50100,0.51479,ciliated_sars_vs_healthy
EGFR,0.00000,-0.85146,0.62600,0.68700,0.00000,ciliated_sars_vs_healthy
EGR1,0.00000,-0.65150,0.21700,0.33400,0.00000,ciliated_sars_vs_healthy
EHF,0.00000,-0.26208,0.88900,0.82100,0.00000,ciliated_sars_vs_healthy
EID1,0.00000,0.30137,0.94000,0.85800,0.00000,ciliated_sars_vs_healthy
EIF1AX,0.00000,-0.32013,0.83300,0.73500,0.00035,ciliated_sars_vs_healthy
EIF1AY,0.00000,0.50857,0.67300,0.08200,0.00000,ciliated_sars_vs_healthy
EIF2S2,0.00000,0.48635,0.92600,0.76900,0.00000,ciliated_sars_vs_healthy
EIF3L,0.00000,-0.38379,0.77000,0.68300,0.00001,ciliated_sars_vs_healthy
EIF4A2,0.00000,-0.35641,0.86400,0.81000,0.00000,ciliated_sars_vs_healthy
EIF4B,0.00000,-0.28813,0.84400,0.77900,0.00000,ciliated_sars_vs_healthy
EIF5A,0.00000,0.45594,0.90400,0.76600,0.00000,ciliated_sars_vs_healthy
EIF6,0.00000,0.41853,0.88000,0.68500,0.00000,ciliated_sars_vs_healthy
ELL2,0.00000,-0.27433,0.80600,0.73700,0.00000,ciliated_sars_vs_healthy
EMC6,0.00000,0.28005,0.81300,0.52800,0.00000,ciliated_sars_vs_healthy
ENAH,0.00000,-0.26073,0.74400,0.67600,0.00251,ciliated_sars_vs_healthy
ENO1,0.00000,-0.28354,0.89700,0.87000,0.00027,ciliated_sars_vs_healthy
EPAS1,0.00000,-0.72757,0.93800,0.97000,0.00000,ciliated_sars_vs_healthy
EPB41L4A-AS1,0.00021,-0.29169,0.58000,0.50300,1.00000,ciliated_sars_vs_healthy
EPHA4,0.00000,-0.30674,0.24800,0.34500,0.00000,ciliated_sars_vs_healthy
EPS8L1,0.00000,0.33846,0.83300,0.53800,0.00000,ciliated_sars_vs_healthy
EPSTI1,0.00000,0.40137,0.69900,0.28900,0.00000,ciliated_sars_vs_healthy
ERAP2,0.00000,-0.63682,0.36400,0.58000,0.00000,ciliated_sars_vs_healthy
ERBB2,0.00000,-0.29743,0.86200,0.79000,0.00000,ciliated_sars_vs_healthy
ERLEC1,0.00000,0.58747,0.88300,0.63800,0.00000,ciliated_sars_vs_healthy
ETS2,0.00000,-0.27046,0.72100,0.64800,0.00597,ciliated_sars_vs_healthy
EWSR1,0.00000,-0.26341,0.85600,0.79600,0.00000,ciliated_sars_vs_healthy
EXPH5,0.00000,-0.36354,0.79700,0.76500,0.00000,ciliated_sars_vs_healthy
EZR,0.00000,0.44543,0.97100,0.92000,0.00000,ciliated_sars_vs_healthy
F3,0.00000,0.37636,0.99200,0.96200,0.00000,ciliated_sars_vs_healthy
FAM107A,0.00000,-0.38522,0.29600,0.43700,0.00000,ciliated_sars_vs_healthy
FAM107B,0.00000,0.27798,0.97700,0.92100,0.00000,ciliated_sars_vs_healthy
FAM114A1,0.00000,0.42955,0.86400,0.57500,0.00000,ciliated_sars_vs_healthy
FAM129A,0.00000,-0.28205,0.77500,0.72400,0.00012,ciliated_sars_vs_healthy
FAM177A1,0.00000,0.28393,0.88600,0.69000,0.00000,ciliated_sars_vs_healthy
FAM213A,0.00025,-0.36243,0.66600,0.56800,1.00000,ciliated_sars_vs_healthy
FAM214A,0.00000,-0.28388,0.78300,0.69700,0.00003,ciliated_sars_vs_healthy
FAM3D,0.00000,0.83758,0.96400,0.83900,0.00000,ciliated_sars_vs_healthy
FAM83A,0.00000,0.31285,0.56900,0.14100,0.00000,ciliated_sars_vs_healthy
FAM84A,0.00000,-0.44644,0.52600,0.53800,0.00000,ciliated_sars_vs_healthy
FAT2,0.00000,-0.61132,0.16800,0.37500,0.00000,ciliated_sars_vs_healthy
FBP1,0.00000,1.06683,0.90200,0.45500,0.00000,ciliated_sars_vs_healthy
FCGBP,0.00000,0.95957,0.58300,0.21800,0.00000,ciliated_sars_vs_healthy
FDX1,0.00000,0.38615,0.85200,0.62000,0.00000,ciliated_sars_vs_healthy
FER1L6,0.00000,0.28512,0.77300,0.47900,0.00000,ciliated_sars_vs_healthy
FGFBP1,0.00000,0.27413,0.33300,0.13000,0.00000,ciliated_sars_vs_healthy
FGFR3,0.00000,-0.74558,0.49600,0.53700,0.00000,ciliated_sars_vs_healthy
FGGY,0.00000,0.34787,0.69300,0.31000,0.00000,ciliated_sars_vs_healthy
FHL2,0.00000,0.28012,0.78200,0.49900,0.00000,ciliated_sars_vs_healthy
FIS1,0.00000,0.40932,0.87900,0.61100,0.00000,ciliated_sars_vs_healthy
FKBP11,0.00000,0.44517,0.67500,0.32700,0.00000,ciliated_sars_vs_healthy
FKBP2,0.00000,0.36905,0.93000,0.78700,0.00000,ciliated_sars_vs_healthy
FLNA,0.00000,-0.54511,0.01300,0.22700,0.00000,ciliated_sars_vs_healthy
FLOT2,0.00013,-0.29497,0.47400,0.43400,1.00000,ciliated_sars_vs_healthy
FMO2,0.00000,-0.63007,0.22600,0.36900,0.00000,ciliated_sars_vs_healthy
FOS,0.00000,-0.99027,0.41400,0.53100,0.00000,ciliated_sars_vs_healthy
FOSB,0.00501,-0.53044,0.34500,0.34500,1.00000,ciliated_sars_vs_healthy
FOXC1,0.00000,-0.32365,0.43300,0.43900,0.00667,ciliated_sars_vs_healthy
FRG1,0.00000,0.25292,0.75600,0.40800,0.00000,ciliated_sars_vs_healthy
FSCN1,0.00000,-0.27827,0.04900,0.14800,0.00000,ciliated_sars_vs_healthy
FTH1,0.00000,0.79413,0.91700,0.97700,0.00000,ciliated_sars_vs_healthy
FTL,0.20229,0.44559,0.72400,0.96300,1.00000,ciliated_sars_vs_healthy
FUS,0.00000,-0.54953,0.90900,0.86600,0.00000,ciliated_sars_vs_healthy
FUT3,0.00000,0.38664,0.81200,0.45100,0.00000,ciliated_sars_vs_healthy
FUT6,0.00000,0.34169,0.78100,0.41700,0.00000,ciliated_sars_vs_healthy
FXYD3,0.00000,0.50532,0.97600,0.96500,0.00000,ciliated_sars_vs_healthy
G3BP1,0.00002,-0.26986,0.81500,0.72000,0.53915,ciliated_sars_vs_healthy
GABARAPL2,0.00000,0.33455,0.87200,0.71800,0.00000,ciliated_sars_vs_healthy
GABRE,0.00221,-0.27007,0.47300,0.44600,1.00000,ciliated_sars_vs_healthy
GABRP,0.00000,0.26827,0.92400,0.78300,0.00000,ciliated_sars_vs_healthy
GALE,0.00000,0.46489,0.82900,0.50100,0.00000,ciliated_sars_vs_healthy
GALNT12,0.00000,0.27080,0.87400,0.64500,0.00000,ciliated_sars_vs_healthy
GALNT3,0.00000,0.27104,0.83700,0.56600,0.00000,ciliated_sars_vs_healthy
GALNT5,0.00000,0.27284,0.86800,0.64500,0.00000,ciliated_sars_vs_healthy
GALNT7,0.00000,0.29669,0.82800,0.56800,0.00000,ciliated_sars_vs_healthy
GAPDH,0.00000,0.35300,0.95100,0.97300,0.00000,ciliated_sars_vs_healthy
GATAD1,0.00000,-0.27764,0.68300,0.64100,0.00000,ciliated_sars_vs_healthy
GCC2,0.00000,-0.33514,0.88800,0.83400,0.00000,ciliated_sars_vs_healthy
GCNT3,0.00000,0.47650,0.60700,0.14600,0.00000,ciliated_sars_vs_healthy
GDF15,0.00000,0.36748,0.72800,0.35600,0.00000,ciliated_sars_vs_healthy
GDPD3,0.00000,0.34008,0.64600,0.28600,0.00000,ciliated_sars_vs_healthy
GEN1,0.00000,-0.26179,0.23500,0.29600,0.00016,ciliated_sars_vs_healthy
GFPT1,0.00000,0.31354,0.86200,0.62000,0.00000,ciliated_sars_vs_healthy
GGCT,0.00000,0.28225,0.77300,0.39900,0.00000,ciliated_sars_vs_healthy
GIGYF2,0.00004,-0.26362,0.68400,0.60100,0.94259,ciliated_sars_vs_healthy
GIPC1,0.00000,0.35339,0.86000,0.62100,0.00000,ciliated_sars_vs_healthy
GLIPR1,0.00000,-0.25979,0.07900,0.21000,0.00000,ciliated_sars_vs_healthy
GLIPR2,0.00000,0.45219,0.74500,0.33400,0.00000,ciliated_sars_vs_healthy
GLRX,0.00000,0.68962,0.84300,0.57600,0.00000,ciliated_sars_vs_healthy
GLTSCR2,0.00000,-0.53932,0.81800,0.77900,0.00000,ciliated_sars_vs_healthy
GLUL,0.00000,-0.40346,0.97500,0.98200,0.00000,ciliated_sars_vs_healthy
GMDS,0.00000,0.29644,0.76500,0.43800,0.00000,ciliated_sars_vs_healthy
GNAI1,0.00000,0.40778,0.80400,0.46900,0.00000,ciliated_sars_vs_healthy
GNB2L1,0.00276,-0.39084,0.94600,0.94800,1.00000,ciliated_sars_vs_healthy
GNE,0.00000,0.26539,0.84600,0.51800,0.00000,ciliated_sars_vs_healthy
GNG5,0.00000,0.75486,0.93800,0.85200,0.00000,ciliated_sars_vs_healthy
GNPNAT1,0.00000,0.58320,0.79700,0.43200,0.00000,ciliated_sars_vs_healthy
GNPTAB,0.00000,-0.33749,0.70900,0.69000,0.00000,ciliated_sars_vs_healthy
GOLGA4,0.00000,-0.26607,0.93000,0.87900,0.00000,ciliated_sars_vs_healthy
GOLGA8A,0.00000,-0.30830,0.69500,0.65100,0.00220,ciliated_sars_vs_healthy
GOLGB1,0.00000,-0.44198,0.95200,0.92700,0.00000,ciliated_sars_vs_healthy
GOLM1,0.00000,0.53507,0.93900,0.73400,0.00000,ciliated_sars_vs_healthy
GPATCH8,0.00000,-0.32243,0.60900,0.61300,0.00000,ciliated_sars_vs_healthy
GPC1,0.00000,-0.28399,0.59400,0.54500,0.01881,ciliated_sars_vs_healthy
GPNMB,0.00005,-0.36279,0.38100,0.37600,1.00000,ciliated_sars_vs_healthy
GPR110,0.00000,0.37216,0.94100,0.71800,0.00000,ciliated_sars_vs_healthy
GPR56,0.00000,-0.32890,0.77400,0.72100,0.00000,ciliated_sars_vs_healthy
GPX1,0.00000,0.59964,0.91800,0.91000,0.00000,ciliated_sars_vs_healthy
GSN,0.00000,0.57580,0.97100,0.89400,0.00000,ciliated_sars_vs_healthy
GSR,0.00000,0.25210,0.89200,0.68600,0.00000,ciliated_sars_vs_healthy
GSTA1,0.00000,0.55632,0.78300,0.54400,0.00000,ciliated_sars_vs_healthy
GSTK1,0.00000,0.65731,0.95500,0.89600,0.00000,ciliated_sars_vs_healthy
GSTP1,0.00000,0.92464,0.97600,0.98200,0.00000,ciliated_sars_vs_healthy
GTF2A2,0.00000,0.29166,0.83900,0.60700,0.00000,ciliated_sars_vs_healthy
GTF2I,0.00000,-0.50097,0.90400,0.87300,0.00000,ciliated_sars_vs_healthy
GTF3C6,0.00000,0.40922,0.87000,0.64500,0.00000,ciliated_sars_vs_healthy
GUK1,0.00000,0.55793,0.92800,0.85200,0.00000,ciliated_sars_vs_healthy
H2AFJ,0.00000,0.30047,0.91700,0.82100,0.00000,ciliated_sars_vs_healthy
H2AFZ,0.00000,0.41517,0.90400,0.80300,0.00000,ciliated_sars_vs_healthy
H6PD,0.00000,-0.26699,0.76600,0.71800,0.00000,ciliated_sars_vs_healthy
HCG18,0.00000,-0.25821,0.52000,0.51800,0.00009,ciliated_sars_vs_healthy
HEBP2,0.00000,0.53561,0.96800,0.90300,0.00000,ciliated_sars_vs_healthy
HES1,0.00000,0.35830,0.87400,0.71300,0.00000,ciliated_sars_vs_healthy
HES4,0.00000,0.49525,0.71800,0.36600,0.00000,ciliated_sars_vs_healthy
HIF1A,0.00000,-0.52814,0.66000,0.64100,0.00000,ciliated_sars_vs_healthy
HIGD1A,0.00000,0.35716,0.79800,0.45900,0.00000,ciliated_sars_vs_healthy
HIGD2A,0.00000,0.40973,0.87200,0.68200,0.00000,ciliated_sars_vs_healthy
HINT1,0.00000,0.46339,0.94300,0.89300,0.00000,ciliated_sars_vs_healthy
HIPK3,0.00000,-0.26181,0.57100,0.54500,0.00024,ciliated_sars_vs_healthy
HIST1H1C,0.00000,0.35055,0.67100,0.38200,0.00000,ciliated_sars_vs_healthy
HIST1H4C,0.00000,0.27827,0.72400,0.43900,0.00000,ciliated_sars_vs_healthy
HLA-A,0.00000,0.52596,0.98700,0.96900,0.00000,ciliated_sars_vs_healthy
HLA-B,0.00000,0.61930,0.98900,0.98000,0.00000,ciliated_sars_vs_healthy
HLA-C,0.00000,0.76724,0.98100,0.97000,0.00000,ciliated_sars_vs_healthy
HLA-DMA,0.00000,0.53127,0.80300,0.46300,0.00000,ciliated_sars_vs_healthy
HLA-DPA1,0.00000,0.37952,0.58600,0.36500,0.00000,ciliated_sars_vs_healthy
HLA-DQA1,0.55851,-0.26938,0.28400,0.26600,1.00000,ciliated_sars_vs_healthy
HLA-DRA,0.00000,0.58631,0.87100,0.69600,0.00000,ciliated_sars_vs_healthy
HLA-DRB1,0.00000,0.78059,0.87500,0.62500,0.00000,ciliated_sars_vs_healthy
HLA-DRB5,0.00000,0.70590,0.78900,0.37600,0.00000,ciliated_sars_vs_healthy
HLA-F,0.00000,0.55971,0.92300,0.68900,0.00000,ciliated_sars_vs_healthy
HLF,0.00000,-0.43278,0.25800,0.42800,0.00000,ciliated_sars_vs_healthy
HM13,0.00000,0.53789,0.88900,0.66800,0.00000,ciliated_sars_vs_healthy
HMGA1,0.00000,0.29633,0.84000,0.59700,0.00000,ciliated_sars_vs_healthy
HMGB1,0.00000,-0.34369,0.97000,0.98300,0.00000,ciliated_sars_vs_healthy
HMGB2,0.00000,-0.34021,0.38200,0.38600,0.08916,ciliated_sars_vs_healthy
HN1,0.00000,0.41311,0.89800,0.72100,0.00000,ciliated_sars_vs_healthy
HNRNPA1,0.00000,-0.34582,0.91700,0.89700,0.00000,ciliated_sars_vs_healthy
HNRNPA2B1,0.00000,-0.26651,0.97500,0.97600,0.00000,ciliated_sars_vs_healthy
HNRNPA3,0.00000,-0.30127,0.94300,0.93100,0.00000,ciliated_sars_vs_healthy
HNRNPH1,0.00000,-0.41094,0.91200,0.85500,0.00000,ciliated_sars_vs_healthy
HNRNPH3,0.00000,-0.28393,0.76500,0.68200,0.00007,ciliated_sars_vs_healthy
HNRNPR,0.00000,-0.26531,0.88900,0.83800,0.00000,ciliated_sars_vs_healthy
HNRNPU,0.00000,-0.51885,0.91500,0.91000,0.00000,ciliated_sars_vs_healthy
HNRNPU-AS1,0.00000,-0.26700,0.34300,0.41100,0.00000,ciliated_sars_vs_healthy
HP1BP3,0.00000,-0.37090,0.85700,0.80700,0.00000,ciliated_sars_vs_healthy
HPGD,0.00000,0.63965,0.79500,0.44600,0.00000,ciliated_sars_vs_healthy
HS3ST1,0.00000,0.29276,0.82200,0.59000,0.00000,ciliated_sars_vs_healthy
HSBP1,0.00000,0.41073,0.91800,0.82000,0.00000,ciliated_sars_vs_healthy
HSBP1L1,0.00000,0.35323,0.87500,0.66200,0.00000,ciliated_sars_vs_healthy
HSP90AA1,0.00000,-0.49788,0.96600,0.97200,0.00000,ciliated_sars_vs_healthy
HSPA1A,0.00000,-1.59207,0.84900,0.86600,0.00000,ciliated_sars_vs_healthy
HSPA1B,0.00000,-1.05929,0.85200,0.81800,0.00000,ciliated_sars_vs_healthy
HSPA4L,0.00000,-0.33682,0.24300,0.32500,0.00000,ciliated_sars_vs_healthy
HSPA8,0.00000,0.39864,0.92000,0.82300,0.00000,ciliated_sars_vs_healthy
HSPA9,0.00000,-0.34868,0.84600,0.81000,0.00000,ciliated_sars_vs_healthy
HSPB1,0.00000,-0.72010,0.97100,0.98500,0.00000,ciliated_sars_vs_healthy
HUWE1,0.00000,-0.25813,0.76400,0.70700,0.00000,ciliated_sars_vs_healthy
ID2,0.00000,-0.28063,0.33800,0.41800,0.00000,ciliated_sars_vs_healthy
IDO1,0.00000,0.72260,0.79300,0.38900,0.00000,ciliated_sars_vs_healthy
IER2,0.00000,-0.70128,0.79500,0.75600,0.00000,ciliated_sars_vs_healthy
IER3IP1.1,0.00000,0.46576,0.85100,0.54900,0.00000,ciliated_sars_vs_healthy
IFI27,0.00000,1.71870,0.96100,0.85600,0.00000,ciliated_sars_vs_healthy
IFI44L,0.00000,0.37992,0.70200,0.32000,0.00000,ciliated_sars_vs_healthy
IFI6,0.00000,1.71201,0.84200,0.36900,0.00000,ciliated_sars_vs_healthy
IFIT3,0.00000,0.25632,0.63100,0.28300,0.00000,ciliated_sars_vs_healthy
IFITM1,0.00000,1.36365,0.85200,0.30700,0.00000,ciliated_sars_vs_healthy
IFITM2,0.00000,0.59641,0.62600,0.50600,0.00000,ciliated_sars_vs_healthy
IFITM3,0.00000,1.35567,0.93000,0.76200,0.00000,ciliated_sars_vs_healthy
IGF1R,0.00000,-0.38895,0.76000,0.73900,0.00000,ciliated_sars_vs_healthy
IGFBP2,0.00000,-0.83809,0.37600,0.57500,0.00000,ciliated_sars_vs_healthy
IGFBP4,0.00026,-0.28269,0.42600,0.41300,1.00000,ciliated_sars_vs_healthy
IGFBP5,0.00000,-0.35253,0.06700,0.18000,0.00000,ciliated_sars_vs_healthy
IGFBP7,0.00000,-0.46093,0.02800,0.28600,0.00000,ciliated_sars_vs_healthy
IGSF3,0.00000,-0.27476,0.15300,0.27600,0.00000,ciliated_sars_vs_healthy
IKBKB,0.00000,-0.27357,0.55900,0.55900,0.00000,ciliated_sars_vs_healthy
IL20RB,0.00040,-0.25068,0.36200,0.35500,1.00000,ciliated_sars_vs_healthy
IL8,0.00000,0.72453,0.20300,0.08000,0.00000,ciliated_sars_vs_healthy
ILF3,0.00000,-0.31533,0.76100,0.72500,0.00000,ciliated_sars_vs_healthy
INADL,0.00000,-0.27315,0.73400,0.69400,0.00000,ciliated_sars_vs_healthy
IQGAP1,0.00000,-0.33953,0.90100,0.85900,0.00000,ciliated_sars_vs_healthy
IRF2BP2,0.00000,-0.31435,0.76800,0.71700,0.00000,ciliated_sars_vs_healthy
IRF6,0.00000,-0.34147,0.50900,0.49200,0.00004,ciliated_sars_vs_healthy
ISG15,0.00000,0.59460,0.71300,0.43700,0.00000,ciliated_sars_vs_healthy
ISG20,0.00000,0.80165,0.80400,0.34400,0.00000,ciliated_sars_vs_healthy
ITGA2,0.00000,-0.52785,0.61200,0.59200,0.00000,ciliated_sars_vs_healthy
ITGA6,0.00000,-0.73541,0.23800,0.46500,0.00000,ciliated_sars_vs_healthy
ITGB4,0.00000,-0.69451,0.63200,0.66600,0.00000,ciliated_sars_vs_healthy
IVNS1ABP,0.00000,-0.72963,0.66800,0.74800,0.00000,ciliated_sars_vs_healthy
JAG1,0.00000,-0.47753,0.37600,0.49400,0.00000,ciliated_sars_vs_healthy
JPX,0.00000,-0.25123,0.56800,0.53900,0.00001,ciliated_sars_vs_healthy
JTB,0.00000,0.64026,0.92100,0.77500,0.00000,ciliated_sars_vs_healthy
JUN,0.00000,-1.53862,0.65600,0.73500,0.00000,ciliated_sars_vs_healthy
JUNB,0.00000,-1.00350,0.72000,0.79000,0.00000,ciliated_sars_vs_healthy
JUP,0.00000,-0.45193,0.86300,0.83500,0.00000,ciliated_sars_vs_healthy
KAT6A,0.00000,-0.25481,0.58400,0.56300,0.00000,ciliated_sars_vs_healthy
KAT6B,0.00000,-0.33209,0.64500,0.60300,0.00004,ciliated_sars_vs_healthy
KCNE3,0.00000,0.59980,0.82100,0.41800,0.00000,ciliated_sars_vs_healthy
KCNQ1OT1,0.00076,-0.29589,0.57500,0.54600,1.00000,ciliated_sars_vs_healthy
KDELR1,0.00000,0.45277,0.93900,0.82100,0.00000,ciliated_sars_vs_healthy
KDELR2,0.00000,0.43983,0.90700,0.73800,0.00000,ciliated_sars_vs_healthy
KDM5A,0.00000,-0.32420,0.75300,0.72400,0.00000,ciliated_sars_vs_healthy
KDM6A,0.00000,-0.25134,0.43200,0.44200,0.00358,ciliated_sars_vs_healthy
KIAA1217,0.00000,-0.41720,0.79900,0.76200,0.00000,ciliated_sars_vs_healthy
KIAA2026,0.00000,-0.30208,0.66900,0.62800,0.00000,ciliated_sars_vs_healthy
KIDINS220,0.00000,-0.36853,0.65300,0.65200,0.00000,ciliated_sars_vs_healthy
KLF4,0.00000,0.42173,0.82300,0.46100,0.00000,ciliated_sars_vs_healthy
KLF5,0.00000,-0.44907,0.96900,0.95800,0.00000,ciliated_sars_vs_healthy
KLHL24,0.00000,-0.32516,0.72700,0.68000,0.00000,ciliated_sars_vs_healthy
KLK11,0.00000,0.50945,0.72600,0.36300,0.00000,ciliated_sars_vs_healthy
KMT2A,0.00000,-0.31602,0.76700,0.73100,0.00000,ciliated_sars_vs_healthy
KMT2C,0.00000,-0.39444,0.80000,0.78500,0.00000,ciliated_sars_vs_healthy
KMT2E,0.00000,-0.29703,0.85500,0.81300,0.00000,ciliated_sars_vs_healthy
KPNB1,0.00042,-0.26158,0.85200,0.76500,1.00000,ciliated_sars_vs_healthy
KRT13,0.00000,-0.77324,0.14100,0.22300,0.00000,ciliated_sars_vs_healthy
KRT15,0.00006,-0.52801,0.47100,0.43400,1.00000,ciliated_sars_vs_healthy
KRT18,0.00000,0.32850,0.97100,0.96100,0.00000,ciliated_sars_vs_healthy
KRT19,0.00000,0.46195,0.99000,0.99600,0.00000,ciliated_sars_vs_healthy
KRT23,0.00000,0.43568,0.80600,0.52800,0.00000,ciliated_sars_vs_healthy
KRT24,0.00000,0.46516,0.14700,0.05200,0.00000,ciliated_sars_vs_healthy
KRT4,0.00000,0.92062,0.76600,0.45600,0.00000,ciliated_sars_vs_healthy
KRT5,0.00000,-2.83055,0.07300,0.40300,0.00000,ciliated_sars_vs_healthy
KRT7,0.00000,0.65836,0.97400,0.91700,0.00000,ciliated_sars_vs_healthy
KRT8,0.00000,-0.64230,0.95800,0.96500,0.00000,ciliated_sars_vs_healthy
KRTCAP2,0.00000,0.61211,0.91400,0.70800,0.00000,ciliated_sars_vs_healthy
KTN1,0.00000,-0.41836,0.95600,0.94600,0.00000,ciliated_sars_vs_healthy
KYNU,0.00000,0.34542,0.77300,0.41000,0.00000,ciliated_sars_vs_healthy
LACTB2,0.00000,0.25423,0.63000,0.29600,0.00000,ciliated_sars_vs_healthy
LAMA3,0.00000,-0.25256,0.14000,0.24600,0.00000,ciliated_sars_vs_healthy
LAMA5,0.00000,-0.31206,0.62600,0.56800,0.00021,ciliated_sars_vs_healthy
LAMB2,0.00000,-0.29955,0.38100,0.39700,0.07611,ciliated_sars_vs_healthy
LAMP1,0.00000,-0.45890,0.91000,0.87900,0.00000,ciliated_sars_vs_healthy
LAMTOR2,0.00000,0.30050,0.83400,0.58700,0.00000,ciliated_sars_vs_healthy
LAMTOR5,0.00000,0.68551,0.94000,0.83400,0.00000,ciliated_sars_vs_healthy
LAP3,0.00000,0.30022,0.83500,0.57500,0.00000,ciliated_sars_vs_healthy
LARS,0.00002,-0.25640,0.75600,0.66500,0.49216,ciliated_sars_vs_healthy
LCN2,0.00000,1.63619,0.97100,0.76600,0.00000,ciliated_sars_vs_healthy
LDHA,0.00000,0.25937,0.88700,0.75900,0.00000,ciliated_sars_vs_healthy
LDLR,0.00000,0.28913,0.53000,0.25400,0.00000,ciliated_sars_vs_healthy
LGALS3,0.00000,1.16343,0.97500,0.96100,0.00000,ciliated_sars_vs_healthy
LGALS7B,0.00000,-0.38960,0.15800,0.27200,0.00000,ciliated_sars_vs_healthy
LGALS8,0.00000,-0.33791,0.80400,0.75600,0.00000,ciliated_sars_vs_healthy
LGI1,0.00000,0.28365,0.42400,0.14600,0.00000,ciliated_sars_vs_healthy
LIMA1,0.00000,-0.28140,0.93200,0.90100,0.00000,ciliated_sars_vs_healthy
LINC00116,0.00000,0.29924,0.77700,0.44400,0.00000,ciliated_sars_vs_healthy
LINC00493,0.00000,0.36364,0.88000,0.66300,0.00000,ciliated_sars_vs_healthy
LINC00910,0.00000,-0.28818,0.21500,0.31800,0.00000,ciliated_sars_vs_healthy
LINC00969,0.00000,-0.83680,0.84100,0.84100,0.00000,ciliated_sars_vs_healthy
LINC01133,0.00000,0.31822,0.71900,0.40300,0.00000,ciliated_sars_vs_healthy
LIPH,0.00000,0.44785,0.91700,0.63000,0.00000,ciliated_sars_vs_healthy
LMAN1,0.00000,0.31184,0.88300,0.74100,0.00000,ciliated_sars_vs_healthy
LMTK3,0.00000,0.47585,0.63800,0.20400,0.00000,ciliated_sars_vs_healthy
LNPEP,0.00000,-0.38428,0.67200,0.67200,0.00000,ciliated_sars_vs_healthy
LRIG1,0.00000,-0.31552,0.52600,0.54900,0.00000,ciliated_sars_vs_healthy
LRP1,0.00000,-0.43076,0.25400,0.36800,0.00000,ciliated_sars_vs_healthy
LRRFIP1,0.00000,-0.34230,0.91900,0.88500,0.00000,ciliated_sars_vs_healthy
LSG1,0.00151,-0.25645,0.57400,0.50400,1.00000,ciliated_sars_vs_healthy
LSMD1,0.00000,0.52372,0.87800,0.68300,0.00000,ciliated_sars_vs_healthy
LTB4R,0.00000,-0.27567,0.16300,0.25200,0.00000,ciliated_sars_vs_healthy
LTBP4,0.00007,-0.25748,0.49300,0.45400,1.00000,ciliated_sars_vs_healthy
LUC7L3,0.00000,-0.50883,0.85200,0.82400,0.00000,ciliated_sars_vs_healthy
LY6D,0.00000,1.69650,0.80200,0.49000,0.00000,ciliated_sars_vs_healthy
LY6E,0.00000,0.95744,0.96600,0.89200,0.00000,ciliated_sars_vs_healthy
LYNX1,0.00000,2.57901,0.88000,0.43700,0.00000,ciliated_sars_vs_healthy
LYPD2,0.00000,2.43296,0.95900,0.70400,0.00000,ciliated_sars_vs_healthy
LYPD3,0.00000,-0.60158,0.31300,0.39000,0.00000,ciliated_sars_vs_healthy
LYPD6B,0.00000,0.61802,0.86800,0.51700,0.00000,ciliated_sars_vs_healthy
LYZ,0.00000,0.33211,0.69400,0.32300,0.00000,ciliated_sars_vs_healthy
MACC1,0.00000,0.45615,0.88800,0.58900,0.00000,ciliated_sars_vs_healthy
MACF1,0.00000,-0.49724,0.77700,0.78900,0.00000,ciliated_sars_vs_healthy
MAFB,0.00000,-0.46394,0.22100,0.34800,0.00000,ciliated_sars_vs_healthy
MAGED1,0.00000,0.25143,0.79400,0.52300,0.00000,ciliated_sars_vs_healthy
MAL2,0.00000,0.41650,0.94400,0.80000,0.00000,ciliated_sars_vs_healthy
MALAT1,0.00000,-0.41656,0.92500,0.96100,0.00000,ciliated_sars_vs_healthy
MANF,0.00000,0.41275,0.79600,0.50000,0.00000,ciliated_sars_vs_healthy
MAP1LC3B,0.00000,0.25731,0.82300,0.54500,0.00000,ciliated_sars_vs_healthy
MAP2K2,0.00000,0.25791,0.84400,0.58500,0.00000,ciliated_sars_vs_healthy
MAP3K1,0.00000,-0.27626,0.50500,0.51800,0.00000,ciliated_sars_vs_healthy
MAP3K2,0.00000,-0.27395,0.80300,0.76200,0.00000,ciliated_sars_vs_healthy
MAST4,0.00000,-0.41393,0.68700,0.64900,0.00000,ciliated_sars_vs_healthy
MATR3,0.00000,-0.27495,0.88700,0.85100,0.00000,ciliated_sars_vs_healthy
MBOAT1,0.00000,0.28121,0.76000,0.47300,0.00000,ciliated_sars_vs_healthy
MCTS1,0.00000,0.35662,0.75600,0.38900,0.00000,ciliated_sars_vs_healthy
MDH2,0.00000,0.30045,0.89300,0.73700,0.00000,ciliated_sars_vs_healthy
MDK,0.00000,0.84943,0.96100,0.86800,0.00000,ciliated_sars_vs_healthy
MDM4,0.00000,-0.30994,0.80200,0.74500,0.00000,ciliated_sars_vs_healthy
ME1,0.00000,0.28152,0.63800,0.28000,0.00000,ciliated_sars_vs_healthy
MED13L,0.00000,-0.33977,0.63600,0.65200,0.00000,ciliated_sars_vs_healthy
MEIS1,0.00000,-0.39980,0.59400,0.62800,0.00000,ciliated_sars_vs_healthy
MEIS2,0.00000,-0.45915,0.81700,0.78200,0.00000,ciliated_sars_vs_healthy
MESP1,0.00000,0.62413,0.77600,0.42300,0.00000,ciliated_sars_vs_healthy
METTL9,0.00000,0.28252,0.83700,0.59000,0.00000,ciliated_sars_vs_healthy
MGAM,0.00000,0.29321,0.48200,0.12800,0.00000,ciliated_sars_vs_healthy
MGEA5,0.00000,-0.42791,0.77000,0.75900,0.00000,ciliated_sars_vs_healthy
MGLL,0.00001,-0.34256,0.40800,0.40000,0.38453,ciliated_sars_vs_healthy
MGST1,0.00000,0.48730,0.95800,0.87700,0.00000,ciliated_sars_vs_healthy
MIEN1,0.00000,0.30402,0.81800,0.51300,0.00000,ciliated_sars_vs_healthy
MIF,0.00000,0.81587,0.89200,0.72500,0.00000,ciliated_sars_vs_healthy
MINOS1,0.00000,0.35862,0.90000,0.72800,0.00000,ciliated_sars_vs_healthy
MIR205HG,0.00000,-1.33027,0.82200,0.81000,0.00000,ciliated_sars_vs_healthy
MIR24-2,0.21066,-0.25638,0.23300,0.22700,1.00000,ciliated_sars_vs_healthy
MIR4435-1HG,0.00000,0.27144,0.67900,0.36300,0.00000,ciliated_sars_vs_healthy
MIS18BP1,0.00000,-0.26946,0.67900,0.64800,0.00000,ciliated_sars_vs_healthy
MISP,0.00000,0.31182,0.76900,0.41300,0.00000,ciliated_sars_vs_healthy
MKL2,0.00000,-0.50769,0.66600,0.69400,0.00000,ciliated_sars_vs_healthy
MLPH,0.00000,0.32239,0.87100,0.55800,0.00000,ciliated_sars_vs_healthy
MMP10,0.00000,0.41978,0.46000,0.26200,0.00000,ciliated_sars_vs_healthy
MMP14,0.00000,-0.31544,0.64600,0.62700,0.00000,ciliated_sars_vs_healthy
MMP24-AS1,0.00000,0.29961,0.84900,0.62000,0.00000,ciliated_sars_vs_healthy
MORF4L1,0.00000,0.26194,0.94000,0.86900,0.00000,ciliated_sars_vs_healthy
MPC1,0.00000,0.28124,0.83600,0.62800,0.00000,ciliated_sars_vs_healthy
MPC2,0.00000,0.35694,0.85500,0.61000,0.00000,ciliated_sars_vs_healthy
MPZL2,0.00000,-0.34336,0.88100,0.81300,0.00000,ciliated_sars_vs_healthy
MRP63,0.00000,0.34466,0.89100,0.72800,0.00000,ciliated_sars_vs_healthy
MRPL14,0.00000,0.51961,0.90200,0.68200,0.00000,ciliated_sars_vs_healthy
MRPL17,0.00000,0.25315,0.75700,0.42500,0.00000,ciliated_sars_vs_healthy
MRPL20,0.00000,0.38215,0.91600,0.76300,0.00000,ciliated_sars_vs_healthy
MRPL33,0.00000,0.57104,0.90800,0.66900,0.00000,ciliated_sars_vs_healthy
MRPL36,0.00000,0.25331,0.73600,0.40000,0.00000,ciliated_sars_vs_healthy
MRPL51,0.00000,0.27634,0.89500,0.69900,0.00000,ciliated_sars_vs_healthy
MRPL52,0.00000,0.51373,0.88800,0.69200,0.00000,ciliated_sars_vs_healthy
MRPS15,0.00000,0.30226,0.82100,0.55400,0.00000,ciliated_sars_vs_healthy
MRPS18C,0.00000,0.40452,0.84700,0.58700,0.00000,ciliated_sars_vs_healthy
MRPS34,0.00000,0.28982,0.85800,0.59000,0.00000,ciliated_sars_vs_healthy
MRPS36,0.00000,0.27233,0.81400,0.57300,0.00000,ciliated_sars_vs_healthy
MRPS6,0.00000,0.29177,0.78900,0.50400,0.00000,ciliated_sars_vs_healthy
MSI2,0.00000,-0.25263,0.86600,0.79600,0.00000,ciliated_sars_vs_healthy
MSLN,0.00000,0.26183,0.82100,0.49600,0.00000,ciliated_sars_vs_healthy
MSMB,0.00343,0.83218,0.62300,0.70800,1.00000,ciliated_sars_vs_healthy
MSN,0.00000,-0.35240,0.04500,0.26300,0.00000,ciliated_sars_vs_healthy
MT-ATP6,0.00000,-2.55107,0.40400,1.00000,0.00000,ciliated_sars_vs_healthy
MT-ATP8,0.00000,-0.52137,0.75200,0.82100,0.00000,ciliated_sars_vs_healthy
MT-CO1,0.00000,-1.49255,0.83800,1.00000,0.00000,ciliated_sars_vs_healthy
MT-CO2,0.00000,-1.32182,0.76100,1.00000,0.00000,ciliated_sars_vs_healthy
MT-CO3,0.00000,-2.58115,0.48100,1.00000,0.00000,ciliated_sars_vs_healthy
MT-CYB,0.00000,-2.07009,0.64000,1.00000,0.00000,ciliated_sars_vs_healthy
MT-ND1,0.00000,-1.89244,0.58000,1.00000,0.00000,ciliated_sars_vs_healthy
MT-ND2,0.00000,-1.45636,0.64500,0.98900,0.00000,ciliated_sars_vs_healthy
MT-ND3,0.00000,-1.44682,0.53400,0.99700,0.00000,ciliated_sars_vs_healthy
MT-ND4,0.00000,-1.55410,0.62500,0.99400,0.00000,ciliated_sars_vs_healthy
MT-ND4L,0.00000,-0.56881,0.71900,0.93400,0.00000,ciliated_sars_vs_healthy
MT-ND5,0.00000,-0.90316,0.79000,0.98500,0.00000,ciliated_sars_vs_healthy
MT-ND6,0.00000,-1.18531,0.29400,0.82700,0.00000,ciliated_sars_vs_healthy
MT1E,0.00000,0.36211,0.74800,0.52100,0.00000,ciliated_sars_vs_healthy
MT1X,0.00000,-1.50084,0.66800,0.61400,0.00003,ciliated_sars_vs_healthy
MT3,0.00000,-0.34861,0.12500,0.21000,0.00000,ciliated_sars_vs_healthy
MTIF3,0.00000,0.31074,0.80900,0.50600,0.00000,ciliated_sars_vs_healthy
MTRNR2L1,0.00000,0.60068,0.49000,0.09600,0.00000,ciliated_sars_vs_healthy
MTRNR2L8,0.00000,-2.62789,0.68300,0.79900,0.00000,ciliated_sars_vs_healthy
MTSS1,0.00000,-0.34014,0.25500,0.31800,0.00000,ciliated_sars_vs_healthy
MUC1,0.00000,0.71030,0.98100,0.92500,0.00000,ciliated_sars_vs_healthy
MUC13,0.00000,0.26172,0.51800,0.19000,0.00000,ciliated_sars_vs_healthy
MUC2,0.00000,0.97112,0.34900,0.15100,0.00000,ciliated_sars_vs_healthy
MUC5AC,0.00000,2.55627,0.76900,0.26800,0.00000,ciliated_sars_vs_healthy
MX1,0.00000,0.68286,0.91200,0.62700,0.00000,ciliated_sars_vs_healthy
MYCBP2,0.00000,-0.43145,0.80600,0.75500,0.00000,ciliated_sars_vs_healthy
MYEOV2,0.00000,0.37477,0.87100,0.66300,0.00000,ciliated_sars_vs_healthy
MYH9,0.00000,-0.72360,0.77900,0.83700,0.00000,ciliated_sars_vs_healthy
MYL12A,0.00000,0.37004,0.93900,0.90100,0.00000,ciliated_sars_vs_healthy
MYL12B,0.00000,0.56767,0.96500,0.94600,0.00000,ciliated_sars_vs_healthy
MYL9,0.00000,-0.42329,0.11500,0.22400,0.00000,ciliated_sars_vs_healthy
MYO1B,0.00000,0.33103,0.77700,0.47000,0.00000,ciliated_sars_vs_healthy
MYO6,0.00001,-0.27234,0.88000,0.80300,0.22822,ciliated_sars_vs_healthy
MYOF,0.00000,-0.27584,0.90800,0.87600,0.00033,ciliated_sars_vs_healthy
N4BP2L2,0.00000,-0.40120,0.90300,0.86300,0.00000,ciliated_sars_vs_healthy
NACA,0.21565,-0.27028,0.94300,0.96500,1.00000,ciliated_sars_vs_healthy
NANS,0.00000,0.57689,0.90700,0.67700,0.00000,ciliated_sars_vs_healthy
NBPF1,0.00000,-0.25366,0.52600,0.51000,0.00017,ciliated_sars_vs_healthy
NCL,0.00000,-0.31391,0.91900,0.92800,0.00000,ciliated_sars_vs_healthy
NCOA4,0.00000,-0.31913,0.87200,0.82000,0.00000,ciliated_sars_vs_healthy
NDFIP1,0.00000,0.26101,0.92400,0.80600,0.00000,ciliated_sars_vs_healthy
NDUFA1,0.00000,0.39149,0.94400,0.87500,0.00000,ciliated_sars_vs_healthy
NDUFA11,0.00000,0.38997,0.89900,0.75100,0.00000,ciliated_sars_vs_healthy
NDUFA13,0.00000,0.67138,0.91900,0.76300,0.00000,ciliated_sars_vs_healthy
NDUFA3,0.00000,0.58712,0.88600,0.65800,0.00000,ciliated_sars_vs_healthy
NDUFA4,0.00000,0.37590,0.92600,0.89400,0.00000,ciliated_sars_vs_healthy
NDUFA6,0.00000,0.46030,0.87900,0.64800,0.00000,ciliated_sars_vs_healthy
NDUFA7.1,0.00000,0.31166,0.69400,0.29300,0.00000,ciliated_sars_vs_healthy
NDUFAB1,0.00000,0.39030,0.87900,0.64800,0.00000,ciliated_sars_vs_healthy
NDUFB1,0.00000,0.70409,0.93100,0.78700,0.00000,ciliated_sars_vs_healthy
NDUFB10,0.00000,0.36373,0.89900,0.72500,0.00000,ciliated_sars_vs_healthy
NDUFB11,0.00000,0.34823,0.91400,0.78700,0.00000,ciliated_sars_vs_healthy
NDUFB2,0.00000,0.30028,0.92200,0.82700,0.00000,ciliated_sars_vs_healthy
NDUFB3,0.00000,0.26728,0.89600,0.73100,0.00000,ciliated_sars_vs_healthy
NDUFB4,0.00000,0.53632,0.92700,0.83200,0.00000,ciliated_sars_vs_healthy
NDUFB7,0.00000,0.31814,0.91200,0.83700,0.00000,ciliated_sars_vs_healthy
NDUFB8.1,0.00000,0.25598,0.89800,0.74600,0.00000,ciliated_sars_vs_healthy
NDUFB9,0.00000,0.35112,0.92400,0.75600,0.00000,ciliated_sars_vs_healthy
NDUFC1,0.00000,0.40930,0.92800,0.78900,0.00000,ciliated_sars_vs_healthy
NDUFC2,0.00000,0.33523,0.92800,0.83400,0.00000,ciliated_sars_vs_healthy
NDUFS6,0.00000,0.25930,0.91000,0.77600,0.00000,ciliated_sars_vs_healthy
NDUFS8,0.00000,0.26482,0.89500,0.74100,0.00000,ciliated_sars_vs_healthy
NDUFV2,0.00000,0.56520,0.92700,0.85900,0.00000,ciliated_sars_vs_healthy
NDUFV3,0.00000,0.31575,0.86800,0.63400,0.00000,ciliated_sars_vs_healthy
NEAT1,0.00000,-0.79024,0.95400,0.88700,0.00000,ciliated_sars_vs_healthy
NET1,0.00000,-0.66094,0.79200,0.82100,0.00000,ciliated_sars_vs_healthy
NF1,0.00000,-0.29167,0.70800,0.65600,0.00000,ciliated_sars_vs_healthy
NFAT5,0.00000,-0.32983,0.85800,0.81400,0.00000,ciliated_sars_vs_healthy
NFE2L1,0.00000,-0.28168,0.71600,0.66300,0.00000,ciliated_sars_vs_healthy
NFIA,0.00000,-0.29225,0.82900,0.76200,0.00000,ciliated_sars_vs_healthy
NFIB,0.00000,-0.44455,0.85400,0.83000,0.00000,ciliated_sars_vs_healthy
NFIX,0.00000,-0.42543,0.67600,0.67300,0.00000,ciliated_sars_vs_healthy
NFKBIA,0.00000,0.30977,0.71000,0.56900,0.00000,ciliated_sars_vs_healthy
NIPBL,0.00000,-0.43488,0.81300,0.82400,0.00000,ciliated_sars_vs_healthy
NKTR,0.00000,-0.65522,0.84800,0.85100,0.00000,ciliated_sars_vs_healthy
NMB,0.00000,0.30802,0.60000,0.23900,0.00000,ciliated_sars_vs_healthy
NOP10,0.00000,0.43059,0.84800,0.60400,0.00000,ciliated_sars_vs_healthy
NPDC1,0.00000,0.34081,0.63200,0.21500,0.00000,ciliated_sars_vs_healthy
NPPC,0.00000,-0.25287,0.01100,0.10700,0.00000,ciliated_sars_vs_healthy
NQO1,0.00000,0.74698,0.86600,0.65800,0.00000,ciliated_sars_vs_healthy
NR2F6,0.00000,0.47274,0.89700,0.66300,0.00000,ciliated_sars_vs_healthy
NSA2,0.00000,0.57640,0.92200,0.74600,0.00000,ciliated_sars_vs_healthy
NSG1,0.00000,-0.26952,0.05100,0.21300,0.00000,ciliated_sars_vs_healthy
NTS,0.00000,0.31538,0.58900,0.49000,0.02043,ciliated_sars_vs_healthy
NUCB2,0.00000,0.39442,0.90400,0.72300,0.00000,ciliated_sars_vs_healthy
NUCKS1,0.00000,-0.48528,0.92100,0.88900,0.00000,ciliated_sars_vs_healthy
NUFIP2,0.00000,-0.39592,0.83400,0.80300,0.00000,ciliated_sars_vs_healthy
NUMA1,0.00000,-0.31176,0.73400,0.70800,0.00000,ciliated_sars_vs_healthy
NUPR1,0.00000,-0.87890,0.49400,0.63500,0.00000,ciliated_sars_vs_healthy
OAS1,0.00000,0.77057,0.87800,0.50800,0.00000,ciliated_sars_vs_healthy
OAZ1,0.00000,0.30481,0.89700,0.87900,0.00000,ciliated_sars_vs_healthy
OCIAD2,0.00000,0.35986,0.88600,0.74600,0.00000,ciliated_sars_vs_healthy
OGFRL1,0.00000,-0.52185,0.74200,0.73400,0.00000,ciliated_sars_vs_healthy
ORMDL2,0.00000,0.25136,0.78800,0.47900,0.00000,ciliated_sars_vs_healthy
OST4,0.00000,0.52978,0.91500,0.82400,0.00000,ciliated_sars_vs_healthy
OSTC,0.00000,0.57618,0.87000,0.64200,0.00000,ciliated_sars_vs_healthy
OTX1,0.00000,-0.27334,0.74900,0.71700,0.00000,ciliated_sars_vs_healthy
OXR1,0.00000,-0.27609,0.74400,0.67900,0.00000,ciliated_sars_vs_healthy
PABPC1,0.00000,-0.46840,0.96000,0.95500,0.00000,ciliated_sars_vs_healthy
PALLD,0.00000,-0.37182,0.73100,0.66500,0.00000,ciliated_sars_vs_healthy
PAQR4,0.00000,0.32804,0.49300,0.15100,0.00000,ciliated_sars_vs_healthy
PARD3,0.00000,-0.27866,0.55300,0.56600,0.00000,ciliated_sars_vs_healthy
PART1,0.00000,0.32129,0.50800,0.20100,0.00000,ciliated_sars_vs_healthy
PBX1,0.00000,-0.51742,0.75800,0.77000,0.00000,ciliated_sars_vs_healthy
PCDH20,0.00000,-0.26956,0.24000,0.30000,0.00041,ciliated_sars_vs_healthy
PCDH7,0.00000,-0.38635,0.40300,0.47300,0.00000,ciliated_sars_vs_healthy
PCF11,0.00000,-0.27450,0.50800,0.50000,0.00005,ciliated_sars_vs_healthy
PCLO,0.00000,-0.40306,0.56900,0.58500,0.00000,ciliated_sars_vs_healthy
PCM1,0.00000,-0.32299,0.84000,0.78600,0.00000,ciliated_sars_vs_healthy
PCP4L1,0.00000,-0.40852,0.25000,0.31700,0.00000,ciliated_sars_vs_healthy
PDE4C,0.00000,0.40232,0.57100,0.14200,0.00000,ciliated_sars_vs_healthy
PDLIM2,0.00000,0.26138,0.55400,0.18900,0.00000,ciliated_sars_vs_healthy
PDXK,0.00000,0.27701,0.89200,0.69000,0.00000,ciliated_sars_vs_healthy
PDZK1IP1,0.00000,0.85664,0.78000,0.36600,0.00000,ciliated_sars_vs_healthy
PER3,0.00000,-0.36356,0.55000,0.54900,0.00000,ciliated_sars_vs_healthy
PERP,0.00000,-0.52110,0.98600,0.98700,0.00000,ciliated_sars_vs_healthy
PET100,0.00000,0.62231,0.91700,0.73000,0.00000,ciliated_sars_vs_healthy
PGD,0.00000,0.65813,0.89400,0.65200,0.00000,ciliated_sars_vs_healthy
PHC3,0.00000,-0.29679,0.60200,0.58700,0.00000,ciliated_sars_vs_healthy
PHF3,0.00000,-0.33043,0.82000,0.78300,0.00000,ciliated_sars_vs_healthy
PHIP,0.00000,-0.41975,0.76600,0.76100,0.00000,ciliated_sars_vs_healthy
PHLDA2,0.00000,0.50815,0.72100,0.35200,0.00000,ciliated_sars_vs_healthy
PHPT1,0.00000,0.30751,0.84400,0.61700,0.00000,ciliated_sars_vs_healthy
PI3,0.00000,1.15747,0.93300,0.63900,0.00000,ciliated_sars_vs_healthy
PIGP,0.00000,0.25261,0.68500,0.37600,0.00000,ciliated_sars_vs_healthy
PIGR,0.00000,0.47745,0.97000,0.70000,0.00000,ciliated_sars_vs_healthy
PIK3IP1,0.00000,-0.27767,0.71500,0.67700,0.00001,ciliated_sars_vs_healthy
PIK3R1,0.00000,-0.41580,0.59700,0.62000,0.00000,ciliated_sars_vs_healthy
PIP,0.00000,-0.44061,0.38700,0.22100,0.00007,ciliated_sars_vs_healthy
PKIB,0.00000,0.32199,0.47400,0.15200,0.00000,ciliated_sars_vs_healthy
PLA2G10,0.00000,0.67071,0.83200,0.41000,0.00000,ciliated_sars_vs_healthy
PLAC8,0.00000,0.61724,0.93600,0.80000,0.00000,ciliated_sars_vs_healthy
PLAT,0.00000,-0.60197,0.07200,0.26100,0.00000,ciliated_sars_vs_healthy
PLEC,0.00000,-0.28865,0.79400,0.74200,0.00000,ciliated_sars_vs_healthy
PLEKHH1,0.00000,-0.26024,0.59900,0.61100,0.00000,ciliated_sars_vs_healthy
PLEKHH3,0.00000,-0.41064,0.53900,0.55500,0.00000,ciliated_sars_vs_healthy
PLP2,0.00000,-0.73583,0.40900,0.50300,0.00000,ciliated_sars_vs_healthy
PLS1,0.00000,0.29186,0.82300,0.53900,0.00000,ciliated_sars_vs_healthy
PLSCR1,0.00000,0.25443,0.88200,0.65200,0.00000,ciliated_sars_vs_healthy
PLTP,0.00000,-0.27871,0.22500,0.26800,0.02872,ciliated_sars_vs_healthy
PLXNB1,0.00000,-0.26268,0.48400,0.47200,0.00149,ciliated_sars_vs_healthy
PNISR,0.00000,-0.58970,0.90200,0.85500,0.00000,ciliated_sars_vs_healthy
PNN,0.00000,-0.56948,0.83600,0.83000,0.00000,ciliated_sars_vs_healthy
PNRC1,0.00000,-0.32308,0.79800,0.77500,0.00000,ciliated_sars_vs_healthy
POLR2A,0.00000,-0.34276,0.76700,0.70100,0.00000,ciliated_sars_vs_healthy
POLR2B,0.00000,-0.25888,0.75100,0.69300,0.00001,ciliated_sars_vs_healthy
POLR2K,0.00000,0.35506,0.85800,0.63100,0.00000,ciliated_sars_vs_healthy
POLR2L,0.00000,0.63559,0.92700,0.87000,0.00000,ciliated_sars_vs_healthy
POMP,0.00000,0.74558,0.94500,0.81700,0.00000,ciliated_sars_vs_healthy
PPAP2B,0.00000,-0.42234,0.40400,0.45400,0.00000,ciliated_sars_vs_healthy
PPCS,0.00000,0.27858,0.88500,0.67000,0.00000,ciliated_sars_vs_healthy
PPDPF,0.00000,0.78870,0.96700,0.96800,0.00000,ciliated_sars_vs_healthy
PPIB,0.00000,0.57710,0.95300,0.87500,0.00000,ciliated_sars_vs_healthy
PPL,0.00001,-0.27796,0.79300,0.72100,0.17134,ciliated_sars_vs_healthy
PPM1K,0.00000,0.35570,0.74300,0.36900,0.00000,ciliated_sars_vs_healthy
PPP1R12A,0.00000,-0.29387,0.74500,0.68200,0.00000,ciliated_sars_vs_healthy
PPP1R15A,0.00173,-0.46413,0.45500,0.42500,1.00000,ciliated_sars_vs_healthy
PPP2R3A,0.00000,-0.26878,0.34100,0.41500,0.00000,ciliated_sars_vs_healthy
PPP4C,0.00000,0.26049,0.88100,0.67500,0.00000,ciliated_sars_vs_healthy
PRDM2,0.00000,-0.30525,0.60000,0.59900,0.00000,ciliated_sars_vs_healthy
PRDX1,0.00000,0.73509,0.98400,0.97700,0.00000,ciliated_sars_vs_healthy
PRDX4,0.00000,0.51296,0.82200,0.51100,0.00000,ciliated_sars_vs_healthy
PRDX5,0.00000,0.33652,0.90500,0.84800,0.00000,ciliated_sars_vs_healthy
PRDX6,0.00000,0.30201,0.91900,0.83100,0.00000,ciliated_sars_vs_healthy
PRKAR1A,0.00000,-0.25285,0.85900,0.78300,0.00003,ciliated_sars_vs_healthy
PRKDC,0.00000,-0.29428,0.80900,0.76100,0.00000,ciliated_sars_vs_healthy
PRKX,0.00000,-0.28476,0.28800,0.34800,0.00000,ciliated_sars_vs_healthy
PRNP,0.00000,-0.34869,0.49800,0.46600,0.08148,ciliated_sars_vs_healthy
PROM1,0.00000,0.30193,0.72000,0.39200,0.00000,ciliated_sars_vs_healthy
PRPF38B,0.00000,-0.46808,0.81200,0.78700,0.00000,ciliated_sars_vs_healthy
PRPF4B,0.00000,-0.32310,0.90100,0.84200,0.00000,ciliated_sars_vs_healthy
PRRC2B,0.00000,-0.28093,0.74400,0.69700,0.00000,ciliated_sars_vs_healthy
PRRC2C,0.00000,-0.38261,0.94100,0.92700,0.00000,ciliated_sars_vs_healthy
PRRG4,0.00000,-0.39891,0.75600,0.71800,0.00000,ciliated_sars_vs_healthy
PRSS22,0.00000,0.38594,0.86300,0.63100,0.00000,ciliated_sars_vs_healthy
PSAP,0.00000,-0.48566,0.91500,0.91700,0.00000,ciliated_sars_vs_healthy
PSCA,0.00000,1.95732,0.96800,0.76300,0.00000,ciliated_sars_vs_healthy
PSMA2.1,0.00000,0.44829,0.84500,0.56300,0.00000,ciliated_sars_vs_healthy
PSMA3,0.00000,0.30032,0.91000,0.79000,0.00000,ciliated_sars_vs_healthy
PSMA5,0.00000,0.32345,0.86700,0.66200,0.00000,ciliated_sars_vs_healthy
PSMA7,0.00000,0.47786,0.92500,0.81000,0.00000,ciliated_sars_vs_healthy
PSMB1,0.00000,0.40005,0.93300,0.84500,0.00000,ciliated_sars_vs_healthy
PSMB10,0.00000,0.78059,0.85100,0.42100,0.00000,ciliated_sars_vs_healthy
PSMB2,0.00000,0.34898,0.87300,0.63900,0.00000,ciliated_sars_vs_healthy
PSMB3,0.00000,0.25268,0.89800,0.79900,0.00000,ciliated_sars_vs_healthy
PSMB5,0.00000,0.42432,0.85400,0.58000,0.00000,ciliated_sars_vs_healthy
PSMB6,0.00000,0.41613,0.89400,0.70000,0.00000,ciliated_sars_vs_healthy
PSMB8,0.00000,0.63385,0.92200,0.81700,0.00000,ciliated_sars_vs_healthy
PSMB9,0.00000,0.87027,0.87500,0.63000,0.00000,ciliated_sars_vs_healthy
PSMC3,0.00000,0.36234,0.85700,0.60400,0.00000,ciliated_sars_vs_healthy
PSMD7,0.00000,0.28176,0.85900,0.62400,0.00000,ciliated_sars_vs_healthy
PSMD8,0.00000,0.26363,0.87200,0.72100,0.00000,ciliated_sars_vs_healthy
PSME1,0.00000,0.82729,0.95000,0.83000,0.00000,ciliated_sars_vs_healthy
PSME2,0.00000,0.88564,0.93000,0.81700,0.00000,ciliated_sars_vs_healthy
PTGR1,0.00000,0.27559,0.71400,0.41800,0.00000,ciliated_sars_vs_healthy
PTMA,0.00000,0.25006,0.98700,0.98900,0.00000,ciliated_sars_vs_healthy
PTMS,0.00000,-0.76921,0.79100,0.73400,0.00000,ciliated_sars_vs_healthy
PTP4A2,0.00000,0.33066,0.94500,0.82000,0.00000,ciliated_sars_vs_healthy
PTPN13,0.00000,-0.55249,0.81900,0.82700,0.00000,ciliated_sars_vs_healthy
PTPRF,0.00000,-0.63246,0.79500,0.81300,0.00000,ciliated_sars_vs_healthy
PTPRG,0.00000,-0.25115,0.20100,0.28700,0.00000,ciliated_sars_vs_healthy
PTPRS,0.00000,-0.33228,0.46600,0.53400,0.00000,ciliated_sars_vs_healthy
PTPRZ1,0.00000,-0.47272,0.65800,0.68600,0.00000,ciliated_sars_vs_healthy
PTRF,0.00000,-0.26132,0.05700,0.16200,0.00000,ciliated_sars_vs_healthy
PTS,0.00000,0.34531,0.80200,0.47900,0.00000,ciliated_sars_vs_healthy
PUM2,0.00000,-0.26081,0.68500,0.63500,0.00000,ciliated_sars_vs_healthy
PVRL1,0.00000,-0.52882,0.47700,0.48700,0.00000,ciliated_sars_vs_healthy
PVRL4,0.00000,-0.25035,0.81000,0.74100,0.00316,ciliated_sars_vs_healthy
RAB11A,0.00000,0.31166,0.93000,0.78700,0.00000,ciliated_sars_vs_healthy
RAB11FIP1,0.00000,0.40996,0.93400,0.77000,0.00000,ciliated_sars_vs_healthy
RAB25,0.00000,0.50301,0.90600,0.72100,0.00000,ciliated_sars_vs_healthy
RAB37,0.00000,0.48141,0.75800,0.31100,0.00000,ciliated_sars_vs_healthy
RAB9A,0.00000,0.28135,0.79200,0.49400,0.00000,ciliated_sars_vs_healthy
RABAC1,0.00000,0.55749,0.89600,0.70700,0.00000,ciliated_sars_vs_healthy
RAD21,0.00000,-0.29937,0.78000,0.71400,0.00000,ciliated_sars_vs_healthy
RAMP1,0.00000,0.60631,0.38500,0.04900,0.00000,ciliated_sars_vs_healthy
RAPH1,0.00000,-0.29261,0.56800,0.58000,0.00000,ciliated_sars_vs_healthy
RARRES1,0.00000,0.82127,0.82500,0.50000,0.00000,ciliated_sars_vs_healthy
RARRES3,0.00000,1.74329,0.95100,0.77900,0.00000,ciliated_sars_vs_healthy
RASSF6,0.00000,-0.54576,0.39200,0.46300,0.00000,ciliated_sars_vs_healthy
RASSF7,0.00000,0.26090,0.79200,0.49000,0.00000,ciliated_sars_vs_healthy
RB1CC1,0.00000,-0.42934,0.79900,0.77900,0.00000,ciliated_sars_vs_healthy
RBL2,0.00000,-0.26957,0.59700,0.60400,0.00000,ciliated_sars_vs_healthy
RBM25,0.00000,-0.37623,0.91000,0.88200,0.00000,ciliated_sars_vs_healthy
RBM26,0.00000,-0.25591,0.66700,0.61500,0.00001,ciliated_sars_vs_healthy
RBM33,0.00000,-0.25291,0.61700,0.61100,0.00000,ciliated_sars_vs_healthy
RBM39,0.00000,-0.43885,0.93700,0.90300,0.00000,ciliated_sars_vs_healthy
RBM5,0.00000,-0.28988,0.74000,0.67200,0.00000,ciliated_sars_vs_healthy
RBM8A,0.00000,0.34958,0.91900,0.75600,0.00000,ciliated_sars_vs_healthy
RBP1,0.00000,-0.73183,0.45800,0.58600,0.00000,ciliated_sars_vs_healthy
RBX1,0.00000,0.38653,0.89400,0.73100,0.00000,ciliated_sars_vs_healthy
RCBTB1,0.00000,-0.27977,0.36300,0.38600,0.01037,ciliated_sars_vs_healthy
RCOR3,0.00000,-0.25993,0.54500,0.54800,0.00000,ciliated_sars_vs_healthy
REEP3,0.00000,0.47155,0.90800,0.68700,0.00000,ciliated_sars_vs_healthy
REEP5,0.00000,0.31520,0.92900,0.83500,0.00000,ciliated_sars_vs_healthy
RER1,0.00000,0.28064,0.89800,0.73000,0.00000,ciliated_sars_vs_healthy
RERE,0.00000,-0.27587,0.80500,0.76100,0.00000,ciliated_sars_vs_healthy
REV1,0.00000,-0.28909,0.58500,0.56600,0.00000,ciliated_sars_vs_healthy
RGCC,0.00000,0.32701,0.55500,0.18900,0.00000,ciliated_sars_vs_healthy
RGS12,0.00000,-0.31123,0.51400,0.49600,0.00001,ciliated_sars_vs_healthy
RHEB,0.00000,0.26412,0.85300,0.65400,0.00000,ciliated_sars_vs_healthy
RHOA,0.00000,0.35093,0.94100,0.82700,0.00000,ciliated_sars_vs_healthy
RHOB,0.00000,-0.54949,0.48700,0.47900,0.00000,ciliated_sars_vs_healthy
RHOBTB3,0.00000,-0.26749,0.67900,0.65400,0.00000,ciliated_sars_vs_healthy
RICTOR,0.00000,-0.28538,0.66100,0.63900,0.00000,ciliated_sars_vs_healthy
RIF1,0.00000,-0.40916,0.66300,0.66800,0.00000,ciliated_sars_vs_healthy
RNASE1,0.00000,0.58052,0.37000,0.07300,0.00000,ciliated_sars_vs_healthy
RNASET2,0.00000,0.45066,0.84300,0.52500,0.00000,ciliated_sars_vs_healthy
RND3,0.00000,0.64784,0.90100,0.60800,0.00000,ciliated_sars_vs_healthy
RNF114,0.00000,0.29053,0.75300,0.42000,0.00000,ciliated_sars_vs_healthy
RNF168,0.00000,-0.25451,0.44000,0.43200,0.03675,ciliated_sars_vs_healthy
RNF181,0.00000,0.49572,0.87200,0.62000,0.00000,ciliated_sars_vs_healthy
RNF7,0.00000,0.25772,0.89300,0.76500,0.00000,ciliated_sars_vs_healthy
RNPC3,0.00000,-0.28671,0.64100,0.63800,0.00000,ciliated_sars_vs_healthy
ROCK1,0.00000,-0.26241,0.73100,0.66300,0.00008,ciliated_sars_vs_healthy
ROMO1,0.00000,0.78680,0.92700,0.74600,0.00000,ciliated_sars_vs_healthy
RORA,0.00000,-0.31308,0.60700,0.58200,0.00001,ciliated_sars_vs_healthy
RP11-1143G9.4,0.00000,0.33100,0.45800,0.04500,0.00000,ciliated_sars_vs_healthy
RP11-294O2.2,0.00000,0.32987,0.67000,0.40300,0.00000,ciliated_sars_vs_healthy
RP11-304L19.5,0.00000,-0.29317,0.28400,0.34600,0.00000,ciliated_sars_vs_healthy
RP11-345J4.5,0.00000,0.27510,0.61100,0.20600,0.00000,ciliated_sars_vs_healthy
RP11-349A22.5,0.00000,-0.31062,0.69800,0.66500,0.00000,ciliated_sars_vs_healthy
RP11-350J20.12,0.00000,0.98334,0.74700,0.22400,0.00000,ciliated_sars_vs_healthy
RP11-526F3.1,0.00000,0.25919,0.43900,0.16800,0.00000,ciliated_sars_vs_healthy
RPA3,0.00000,0.27000,0.77300,0.44800,0.00000,ciliated_sars_vs_healthy
RPL10A,0.18136,-0.45365,0.93100,0.93900,1.00000,ciliated_sars_vs_healthy
RPL11,0.58171,-0.31142,0.94600,0.98000,1.00000,ciliated_sars_vs_healthy
RPL12,0.74340,-0.36524,0.94000,0.95800,1.00000,ciliated_sars_vs_healthy
RPL13,0.19557,-0.40190,0.95500,0.98700,1.00000,ciliated_sars_vs_healthy
RPL13A,0.00000,-0.74230,0.95300,0.98900,0.00000,ciliated_sars_vs_healthy
RPL15,0.04387,-0.30596,0.94400,0.97200,1.00000,ciliated_sars_vs_healthy
RPL23,0.00000,-0.50123,0.94600,0.95900,0.00000,ciliated_sars_vs_healthy
RPL27A,0.09510,-0.28032,0.95200,0.97300,1.00000,ciliated_sars_vs_healthy
RPL29,0.06599,-0.33820,0.93300,0.96900,1.00000,ciliated_sars_vs_healthy
RPL3,0.00014,-0.64525,0.95000,0.96500,1.00000,ciliated_sars_vs_healthy
RPL36A,0.00000,0.32908,0.90300,0.79900,0.00000,ciliated_sars_vs_healthy
RPL36AL,0.00000,0.48006,0.93700,0.90700,0.00000,ciliated_sars_vs_healthy
RPL38,0.00000,0.31587,0.96100,0.95100,0.00000,ciliated_sars_vs_healthy
RPL39,0.00000,0.36924,0.95900,0.95500,0.00000,ciliated_sars_vs_healthy
RPL4,0.00000,-0.63875,0.91700,0.93700,0.00000,ciliated_sars_vs_healthy
RPL41,0.00000,0.66581,0.98000,0.99200,0.00000,ciliated_sars_vs_healthy
RPL5,0.00242,-0.42411,0.95200,0.95200,1.00000,ciliated_sars_vs_healthy
RPL6,0.20979,-0.32798,0.95100,0.97300,1.00000,ciliated_sars_vs_healthy
RPL7,0.00000,-0.57150,0.94100,0.93800,0.00001,ciliated_sars_vs_healthy
RPL7A,0.78292,-0.37746,0.94500,0.96200,1.00000,ciliated_sars_vs_healthy
RPLP1,0.00551,-0.44710,0.96700,0.99200,1.00000,ciliated_sars_vs_healthy
RPN2,0.00000,0.26898,0.92600,0.79900,0.00000,ciliated_sars_vs_healthy
RPS10,0.00000,0.60132,0.90300,0.85100,0.00000,ciliated_sars_vs_healthy
RPS11,0.00000,-0.52385,0.92000,0.95500,0.00000,ciliated_sars_vs_healthy
RPS14,0.96150,-0.30086,0.95100,0.98200,1.00000,ciliated_sars_vs_healthy
RPS18,0.00045,-0.61674,0.96600,0.98500,1.00000,ciliated_sars_vs_healthy
RPS2,0.00000,-0.68781,0.91200,0.97200,0.00016,ciliated_sars_vs_healthy
RPS20,0.00000,-0.44312,0.93800,0.95400,0.00000,ciliated_sars_vs_healthy
RPS21,0.00000,0.46534,0.94200,0.94900,0.00000,ciliated_sars_vs_healthy
RPS26,0.00000,0.55054,0.95700,0.93800,0.00000,ciliated_sars_vs_healthy
RPS27L,0.00000,0.50360,0.87600,0.65200,0.00000,ciliated_sars_vs_healthy
RPS28,0.00000,0.36992,0.95900,0.98600,0.00000,ciliated_sars_vs_healthy
RPS29,0.00000,0.75172,0.95900,0.94900,0.00000,ciliated_sars_vs_healthy
RPS3A,0.01346,-0.52309,0.92800,0.96300,1.00000,ciliated_sars_vs_healthy
RPS4X,0.00000,-0.94088,0.93500,0.96200,0.00000,ciliated_sars_vs_healthy
RPS4Y1,0.00000,0.86640,0.79400,0.12400,0.00000,ciliated_sars_vs_healthy
RPS5,0.07629,-0.37535,0.87800,0.89400,1.00000,ciliated_sars_vs_healthy
RPS6,0.00011,-0.50908,0.95400,0.97500,1.00000,ciliated_sars_vs_healthy
RSF1,0.00000,-0.27266,0.82100,0.74200,0.00006,ciliated_sars_vs_healthy
RTN4,0.00000,-0.26625,0.90700,0.85900,0.00028,ciliated_sars_vs_healthy
RUFY3,0.00000,-0.25307,0.56700,0.56300,0.00000,ciliated_sars_vs_healthy
S100A10,0.00000,0.42835,0.80600,0.76900,0.03718,ciliated_sars_vs_healthy
S100A11,0.00000,0.47031,0.97400,0.99000,0.00000,ciliated_sars_vs_healthy
S100A13,0.00000,1.04328,0.94500,0.80800,0.00000,ciliated_sars_vs_healthy
S100A14,0.00000,1.07653,0.96100,0.83900,0.00000,ciliated_sars_vs_healthy
S100A16,0.00000,0.69255,0.94100,0.84200,0.00000,ciliated_sars_vs_healthy
S100A2,0.00000,-1.16771,0.42700,0.54500,0.00000,ciliated_sars_vs_healthy
S100A4,0.00000,1.72412,0.95400,0.88900,0.00000,ciliated_sars_vs_healthy
S100A6,0.00000,0.86901,0.99500,0.99400,0.00000,ciliated_sars_vs_healthy
S100A8,0.00000,0.55011,0.22200,0.35800,0.00000,ciliated_sars_vs_healthy
S100A9,0.00001,0.47904,0.58900,0.79900,0.13629,ciliated_sars_vs_healthy
S100P,0.00000,2.38792,0.97000,0.69400,0.00000,ciliated_sars_vs_healthy
SAA1,0.00000,1.71155,0.62700,0.28600,0.00000,ciliated_sars_vs_healthy
SAA2,0.00000,1.08211,0.57900,0.25400,0.00000,ciliated_sars_vs_healthy
SAA4,0.00000,0.29080,0.42600,0.12000,0.00000,ciliated_sars_vs_healthy
SAMD9,0.00000,0.30446,0.76100,0.45900,0.00000,ciliated_sars_vs_healthy
SAP18,0.00000,0.30085,0.92900,0.85900,0.00000,ciliated_sars_vs_healthy
SAT1,0.00000,0.64741,0.99900,0.98000,0.00000,ciliated_sars_vs_healthy
SATB1,0.00000,-0.28171,0.53300,0.53800,0.00000,ciliated_sars_vs_healthy
SCAF11,0.00000,-0.35255,0.91700,0.87200,0.00000,ciliated_sars_vs_healthy
SCAND1,0.00000,0.42495,0.89800,0.72000,0.00000,ciliated_sars_vs_healthy
SCEL,0.00000,0.34751,0.58500,0.19300,0.00000,ciliated_sars_vs_healthy
SCGB1A1,0.00003,-1.37414,0.36700,0.26900,0.77833,ciliated_sars_vs_healthy
SCGB2A1,0.00000,0.67446,0.72900,0.30300,0.00000,ciliated_sars_vs_healthy
SCGB3A1,0.00000,-2.69658,0.24800,0.35200,0.00000,ciliated_sars_vs_healthy
SCPEP1,0.00000,-0.89545,0.73700,0.80300,0.00000,ciliated_sars_vs_healthy
SDC1,0.00000,-0.50681,0.90400,0.87200,0.00000,ciliated_sars_vs_healthy
SDCBP2,0.00000,0.47159,0.83200,0.55200,0.00000,ciliated_sars_vs_healthy
SDF2L1,0.00000,0.36241,0.76900,0.44800,0.00000,ciliated_sars_vs_healthy
SDR16C5,0.00000,0.27101,0.82600,0.55200,0.00000,ciliated_sars_vs_healthy
SEC11C,0.00000,0.45838,0.87300,0.67300,0.00000,ciliated_sars_vs_healthy
SEC61B,0.00000,0.72632,0.93600,0.84500,0.00000,ciliated_sars_vs_healthy
SEC61G,0.00000,1.12253,0.93700,0.73900,0.00000,ciliated_sars_vs_healthy
SEL1L3,0.00000,0.31968,0.83900,0.54500,0.00000,ciliated_sars_vs_healthy
SELENBP1,0.00000,0.61189,0.92500,0.74500,0.00000,ciliated_sars_vs_healthy
SELK,0.00000,0.30159,0.87400,0.70800,0.00000,ciliated_sars_vs_healthy
SEMA4B,0.00000,-0.55750,0.43900,0.55600,0.00000,ciliated_sars_vs_healthy
SEMA5A,0.00000,-0.51959,0.28900,0.34600,0.00000,ciliated_sars_vs_healthy
SENP6,0.00000,-0.27509,0.72100,0.67000,0.00000,ciliated_sars_vs_healthy
SERF2,0.00000,0.73983,0.96300,0.96600,0.00000,ciliated_sars_vs_healthy
SERINC1,0.00000,-0.28979,0.78600,0.70600,0.00021,ciliated_sars_vs_healthy
SERINC3,0.00000,-0.26044,0.83100,0.76600,0.00002,ciliated_sars_vs_healthy
SERP1,0.00000,0.30605,0.92100,0.83500,0.00000,ciliated_sars_vs_healthy
SERPINB1,0.00000,0.40517,0.87500,0.70700,0.00000,ciliated_sars_vs_healthy
SERPINB10,0.00000,0.37277,0.39800,0.05900,0.00000,ciliated_sars_vs_healthy
SERPINB13,0.00000,-0.71209,0.26000,0.36100,0.00000,ciliated_sars_vs_healthy
SERPINB3,0.00012,-0.56930,0.82300,0.77500,1.00000,ciliated_sars_vs_healthy
SERPINB4,0.00000,-1.13366,0.42600,0.45500,0.00001,ciliated_sars_vs_healthy
SERPINB5,0.00000,-0.43462,0.16600,0.35100,0.00000,ciliated_sars_vs_healthy
SERPINF1,0.00156,-0.37887,0.46200,0.42000,1.00000,ciliated_sars_vs_healthy
SERPING1,0.00000,0.27132,0.58600,0.22700,0.00000,ciliated_sars_vs_healthy
SERTAD4,0.00000,-0.34789,0.17300,0.30700,0.00000,ciliated_sars_vs_healthy
SESN3,0.00000,-0.32483,0.25300,0.34900,0.00000,ciliated_sars_vs_healthy
SESTD1,0.00000,-0.27652,0.68500,0.61300,0.12568,ciliated_sars_vs_healthy
SETD2,0.00000,-0.41605,0.70000,0.69400,0.00000,ciliated_sars_vs_healthy
SETX,0.00000,-0.36535,0.71200,0.67300,0.00000,ciliated_sars_vs_healthy
SF1,0.00000,-0.38711,0.87600,0.83000,0.00000,ciliated_sars_vs_healthy
SF3B5,0.00000,0.34312,0.82900,0.57600,0.00000,ciliated_sars_vs_healthy
SFN,0.06313,-0.35444,0.78700,0.64600,1.00000,ciliated_sars_vs_healthy
SFPQ,0.00000,-0.33544,0.92600,0.89000,0.00000,ciliated_sars_vs_healthy
SH3PXD2A,0.00000,-0.26209,0.69200,0.62500,0.03451,ciliated_sars_vs_healthy
SHFM1,0.00000,0.44946,0.94600,0.85800,0.00000,ciliated_sars_vs_healthy
SHISA5,0.00000,-0.46199,0.74400,0.66600,0.00000,ciliated_sars_vs_healthy
SHPRH,0.00000,-0.40568,0.61600,0.63100,0.00000,ciliated_sars_vs_healthy
SIK1,0.00000,-0.25309,0.32200,0.40100,0.00000,ciliated_sars_vs_healthy
SIX1,0.00000,-0.29369,0.79200,0.72300,0.00000,ciliated_sars_vs_healthy
SKP1,0.00000,0.31655,0.95800,0.91700,0.00000,ciliated_sars_vs_healthy
SLC25A3,0.00000,0.30405,0.94600,0.89400,0.00000,ciliated_sars_vs_healthy
SLC26A2,0.00000,-0.73520,0.62700,0.68000,0.00000,ciliated_sars_vs_healthy
SLC26A4,0.00043,-0.46879,0.46000,0.32300,1.00000,ciliated_sars_vs_healthy
SLC31A1,0.00000,0.45800,0.92100,0.71800,0.00000,ciliated_sars_vs_healthy
SLC35D2,0.00000,0.32706,0.73000,0.38200,0.00000,ciliated_sars_vs_healthy
SLC38A1,0.00000,-0.42011,0.63500,0.63100,0.00000,ciliated_sars_vs_healthy
SLC38A2,0.00000,-0.39457,0.89800,0.84500,0.00000,ciliated_sars_vs_healthy
SLC44A4,0.00000,0.47184,0.92600,0.64900,0.00000,ciliated_sars_vs_healthy
SLC6A14,0.00000,0.57992,0.90300,0.59200,0.00000,ciliated_sars_vs_healthy
SLC6A6,0.00000,-0.61810,0.83600,0.82100,0.00000,ciliated_sars_vs_healthy
SLC6A8,0.00045,-0.41848,0.44700,0.41400,1.00000,ciliated_sars_vs_healthy
SLC9A3R2,0.00000,0.67599,0.87100,0.54400,0.00000,ciliated_sars_vs_healthy
SLIRP,0.00000,0.63197,0.91600,0.74600,0.00000,ciliated_sars_vs_healthy
SLITRK6,0.00000,-0.37344,0.44100,0.44900,0.00052,ciliated_sars_vs_healthy
SLK,0.00000,-0.26279,0.90300,0.85400,0.00000,ciliated_sars_vs_healthy
SLPI,0.00000,0.50459,0.98500,0.98500,0.00000,ciliated_sars_vs_healthy
SMAD5,0.00000,-0.26291,0.73700,0.67200,0.00013,ciliated_sars_vs_healthy
SMAGP,0.00000,0.34267,0.79400,0.50400,0.00000,ciliated_sars_vs_healthy
SMARCA2,0.00000,-0.30678,0.77700,0.71400,0.00000,ciliated_sars_vs_healthy
SMARCC1,0.00000,-0.25513,0.76800,0.70100,0.06226,ciliated_sars_vs_healthy
SMC1A,0.00000,-0.27110,0.63800,0.58300,0.00840,ciliated_sars_vs_healthy
SMC3,0.00000,-0.31708,0.71800,0.65800,0.00000,ciliated_sars_vs_healthy
SMC5,0.00000,-0.31191,0.76100,0.73700,0.00000,ciliated_sars_vs_healthy
SMDT1,0.00000,0.26959,0.85800,0.67900,0.00000,ciliated_sars_vs_healthy
SMEK1,0.00000,-0.29024,0.78500,0.71500,0.00000,ciliated_sars_vs_healthy
SMG1,0.00000,-0.34321,0.80000,0.75500,0.00000,ciliated_sars_vs_healthy
SMG6,0.00000,-0.33851,0.59300,0.62500,0.00000,ciliated_sars_vs_healthy
SMIM14,0.00000,0.69093,0.92700,0.73700,0.00000,ciliated_sars_vs_healthy
SMIM22,0.00000,1.27840,0.90800,0.56500,0.00000,ciliated_sars_vs_healthy
SMIM4,0.00000,0.37179,0.80800,0.44900,0.00000,ciliated_sars_vs_healthy
SMIM5,0.00000,0.33254,0.50700,0.13100,0.00000,ciliated_sars_vs_healthy
SNCA,0.00001,-0.30778,0.25600,0.28700,0.31276,ciliated_sars_vs_healthy
SNCG,0.00000,0.35746,0.37600,0.25800,0.00006,ciliated_sars_vs_healthy
SNRNP200,0.00000,-0.33763,0.80900,0.78300,0.00000,ciliated_sars_vs_healthy
SNRNP70,0.00000,-0.27573,0.86500,0.80100,0.00000,ciliated_sars_vs_healthy
SNRPG,0.00000,0.58626,0.90800,0.76300,0.00000,ciliated_sars_vs_healthy
SON,0.00000,-0.25538,0.95500,0.93500,0.00000,ciliated_sars_vs_healthy
SORL1,0.00000,-0.27675,0.82600,0.75200,0.00059,ciliated_sars_vs_healthy
SOX7,0.00000,-0.32031,0.12000,0.25100,0.00000,ciliated_sars_vs_healthy
SP3,0.00000,-0.33813,0.76700,0.71800,0.00000,ciliated_sars_vs_healthy
SPAG1,0.00000,0.25444,0.74400,0.40100,0.00000,ciliated_sars_vs_healthy
SPARCL1,0.00000,-0.97927,0.26300,0.51700,0.00000,ciliated_sars_vs_healthy
SPATS2L,0.00000,0.37110,0.89700,0.70300,0.00000,ciliated_sars_vs_healthy
SPCS1,0.00000,0.43636,0.91900,0.82100,0.00000,ciliated_sars_vs_healthy
SPCS2,0.00000,0.34656,0.93500,0.82100,0.00000,ciliated_sars_vs_healthy
SPDEF,0.00000,0.27759,0.77000,0.43500,0.00000,ciliated_sars_vs_healthy
SPEN,0.00000,-0.41056,0.64600,0.68200,0.00000,ciliated_sars_vs_healthy
SPTBN1,0.00000,-0.32099,0.73600,0.71700,0.00000,ciliated_sars_vs_healthy
SRD5A3,0.00000,0.37696,0.80000,0.52500,0.00000,ciliated_sars_vs_healthy
SREK1,0.00000,-0.33581,0.81100,0.75100,0.00000,ciliated_sars_vs_healthy
SRGAP3,0.00000,-0.46721,0.62100,0.65800,0.00000,ciliated_sars_vs_healthy
SRI,0.00000,0.33277,0.90500,0.77700,0.00000,ciliated_sars_vs_healthy
SRP14,0.00000,0.33106,0.95900,0.93800,0.00000,ciliated_sars_vs_healthy
SRRM2,0.00000,-0.37687,0.94300,0.91300,0.00000,ciliated_sars_vs_healthy
SRSF2,0.00000,-0.26630,0.84700,0.78200,0.00000,ciliated_sars_vs_healthy
SRSF7,0.00000,-0.33922,0.81700,0.77500,0.00000,ciliated_sars_vs_healthy
SSR3,0.00000,0.30965,0.86100,0.63100,0.00000,ciliated_sars_vs_healthy
SSR4,0.00000,0.52823,0.93500,0.87300,0.00000,ciliated_sars_vs_healthy
ST6GALNAC1,0.00000,0.54234,0.92400,0.71800,0.00000,ciliated_sars_vs_healthy
ST8SIA4,0.97369,-0.35341,0.55900,0.44500,1.00000,ciliated_sars_vs_healthy
STARD10,0.00000,0.69535,0.94100,0.72000,0.00000,ciliated_sars_vs_healthy
STATH,0.01975,-1.90053,0.21900,0.23000,1.00000,ciliated_sars_vs_healthy
STON2,0.00001,-0.26811,0.32200,0.34400,0.34887,ciliated_sars_vs_healthy
STRA13,0.00000,0.25923,0.80400,0.48700,0.00000,ciliated_sars_vs_healthy
STX10,0.00000,0.31731,0.77500,0.42400,0.00000,ciliated_sars_vs_healthy
STX6,0.00000,-0.30055,0.40300,0.41400,0.00047,ciliated_sars_vs_healthy
SULT1E1,0.00000,-0.31471,0.15100,0.24200,0.00000,ciliated_sars_vs_healthy
SUMO2,0.00000,0.35611,0.94200,0.88000,0.00000,ciliated_sars_vs_healthy
SUPT16H,0.00000,-0.26821,0.75500,0.65800,0.01426,ciliated_sars_vs_healthy
SUSD4,0.00000,-0.26092,0.21900,0.29300,0.00000,ciliated_sars_vs_healthy
SVOPL,0.00000,-0.33085,0.07600,0.21500,0.00000,ciliated_sars_vs_healthy
SYNE2,0.00000,-0.55959,0.90400,0.88200,0.00000,ciliated_sars_vs_healthy
SYT8,0.00000,0.35344,0.66900,0.40600,0.00000,ciliated_sars_vs_healthy
TAF10,0.00000,0.34939,0.83300,0.62400,0.00000,ciliated_sars_vs_healthy
TAF15,0.00000,-0.27134,0.72300,0.66300,0.00002,ciliated_sars_vs_healthy
TALDO1,0.00000,0.56543,0.93500,0.83500,0.00000,ciliated_sars_vs_healthy
TANC2,0.00000,-0.30006,0.60800,0.58600,0.00017,ciliated_sars_vs_healthy
TBCA,0.00000,0.44922,0.90900,0.73100,0.00000,ciliated_sars_vs_healthy
TCEA3,0.00000,0.30197,0.76000,0.46100,0.00000,ciliated_sars_vs_healthy
TCEAL8,0.00000,0.32549,0.76600,0.43400,0.00000,ciliated_sars_vs_healthy
TCEB1,0.00000,0.42212,0.86600,0.62800,0.00000,ciliated_sars_vs_healthy
TCEB2,0.00000,0.65545,0.93500,0.90700,0.00000,ciliated_sars_vs_healthy
TCF4,0.00000,-0.45577,0.55300,0.54100,0.00000,ciliated_sars_vs_healthy
TET2,0.00000,-0.30070,0.84100,0.78900,0.00008,ciliated_sars_vs_healthy
TFCP2L1,0.00000,-0.64129,0.82000,0.78600,0.00000,ciliated_sars_vs_healthy
TFF1,0.00000,1.06891,0.53700,0.10300,0.00000,ciliated_sars_vs_healthy
TFF3,0.00000,2.58029,0.55400,0.16100,0.00000,ciliated_sars_vs_healthy
TGM2,0.00000,0.45123,0.78400,0.37700,0.00000,ciliated_sars_vs_healthy
TIA1,0.00000,-0.25376,0.68900,0.65100,0.00000,ciliated_sars_vs_healthy
TIMM10,0.00000,0.32781,0.76300,0.38600,0.00000,ciliated_sars_vs_healthy
TIMM13,0.00000,0.33026,0.86500,0.61700,0.00000,ciliated_sars_vs_healthy
TIMM8B,0.00000,0.27871,0.87700,0.69700,0.00000,ciliated_sars_vs_healthy
TIMP2,0.00000,0.28705,0.54200,0.21000,0.00000,ciliated_sars_vs_healthy
TIMP3,0.00000,-0.40669,0.19100,0.32300,0.00000,ciliated_sars_vs_healthy
TJP3,0.00000,0.28171,0.83100,0.52800,0.00000,ciliated_sars_vs_healthy
TM4SF1,0.00000,0.86665,0.82500,0.50700,0.00000,ciliated_sars_vs_healthy
TMBIM4.1,0.00000,0.40203,0.93100,0.81500,0.00000,ciliated_sars_vs_healthy
TMC5,0.00000,0.39062,0.93800,0.68000,0.00000,ciliated_sars_vs_healthy
TMED3,0.00000,0.29299,0.87700,0.65600,0.00000,ciliated_sars_vs_healthy
TMEM123,0.00000,-0.46424,0.91600,0.88300,0.00000,ciliated_sars_vs_healthy
TMEM125,0.00000,0.38893,0.72200,0.27900,0.00000,ciliated_sars_vs_healthy
TMEM160,0.00000,0.65196,0.90000,0.70000,0.00000,ciliated_sars_vs_healthy
TMEM167A,0.00000,0.25410,0.84600,0.62000,0.00000,ciliated_sars_vs_healthy
TMEM208,0.00000,0.36099,0.87200,0.65500,0.00000,ciliated_sars_vs_healthy
TMEM220,0.00000,0.29343,0.57100,0.16300,0.00000,ciliated_sars_vs_healthy
TMEM238,0.00000,0.32519,0.88700,0.59700,0.00000,ciliated_sars_vs_healthy
TMEM256,0.00000,0.27252,0.76500,0.43200,0.00000,ciliated_sars_vs_healthy
TMEM258,0.00000,0.79927,0.92300,0.73200,0.00000,ciliated_sars_vs_healthy
TMEM54,0.00000,0.38631,0.86000,0.58200,0.00000,ciliated_sars_vs_healthy
TMEM59,0.00000,0.43919,0.96600,0.93400,0.00000,ciliated_sars_vs_healthy
TMPRSS11D,0.00000,-0.32385,0.45000,0.43400,0.07331,ciliated_sars_vs_healthy
TMPRSS4,0.00000,-0.48545,0.93600,0.89000,0.00000,ciliated_sars_vs_healthy
TMSB10,0.00000,1.15621,0.97500,0.97200,0.00000,ciliated_sars_vs_healthy
TMSB4X,0.00000,0.83246,0.96900,0.96900,0.00000,ciliated_sars_vs_healthy
TMTC3,0.00000,-0.28409,0.63200,0.58000,0.00298,ciliated_sars_vs_healthy
TNC,0.00000,-0.59386,0.06900,0.29000,0.00000,ciliated_sars_vs_healthy
TNFSF10,0.00000,0.39170,0.97600,0.94500,0.00000,ciliated_sars_vs_healthy
TNRC6B,0.00000,-0.31372,0.89000,0.82300,0.00000,ciliated_sars_vs_healthy
TNS1,0.00000,-0.31628,0.24800,0.36900,0.00000,ciliated_sars_vs_healthy
TNS4,0.00000,-0.33618,0.10300,0.26300,0.00000,ciliated_sars_vs_healthy
TOB1,0.00000,-0.28720,0.86900,0.75800,0.00005,ciliated_sars_vs_healthy
TP63,0.00000,-0.59139,0.04400,0.27300,0.00000,ciliated_sars_vs_healthy
TPM4,0.00002,-0.40086,0.90900,0.84800,0.60124,ciliated_sars_vs_healthy
TPR,0.00000,-0.40946,0.87300,0.84600,0.00000,ciliated_sars_vs_healthy
TRAM1,0.00000,0.37419,0.91700,0.76800,0.00000,ciliated_sars_vs_healthy
TRIM16,0.00000,0.53244,0.78800,0.39000,0.00000,ciliated_sars_vs_healthy
TRIM24,0.00000,-0.31904,0.58000,0.54500,0.00000,ciliated_sars_vs_healthy
TRIM29,0.00000,-0.51309,0.85200,0.83800,0.00000,ciliated_sars_vs_healthy
TRIM31,0.00000,0.49037,0.53500,0.18600,0.00000,ciliated_sars_vs_healthy
TRIP6,0.00000,0.29957,0.80600,0.50100,0.00000,ciliated_sars_vs_healthy
TRNP1,0.00000,0.25308,0.53200,0.16500,0.00000,ciliated_sars_vs_healthy
TSC22D1,0.00000,-0.41158,0.87300,0.84600,0.00000,ciliated_sars_vs_healthy
TSHZ2,0.00000,-0.52506,0.87500,0.83000,0.00000,ciliated_sars_vs_healthy
TSIX,0.00000,-0.31130,0.01700,0.24800,0.00000,ciliated_sars_vs_healthy
TSPAN1,0.00000,1.10525,0.97100,0.92800,0.00000,ciliated_sars_vs_healthy
TSPAN13,0.00000,0.64272,0.93300,0.75100,0.00000,ciliated_sars_vs_healthy
TSPAN3,0.00000,0.34446,0.94400,0.82800,0.00000,ciliated_sars_vs_healthy
TSPAN8,0.00000,1.16934,0.75900,0.31300,0.00000,ciliated_sars_vs_healthy
TSPO,0.00000,0.46285,0.92800,0.84500,0.00000,ciliated_sars_vs_healthy
TSTA3,0.00000,0.42792,0.84400,0.56900,0.00000,ciliated_sars_vs_healthy
TSTD1,0.00000,0.25158,0.87200,0.70000,0.00000,ciliated_sars_vs_healthy
TTC9,0.00000,0.29872,0.79900,0.48700,0.00000,ciliated_sars_vs_healthy
TUBA1B,0.00000,0.26630,0.84000,0.71000,0.00000,ciliated_sars_vs_healthy
TUBA1C,0.00000,0.33144,0.87300,0.63200,0.00000,ciliated_sars_vs_healthy
TUBB2A,0.00000,0.86370,0.81100,0.33700,0.00000,ciliated_sars_vs_healthy
TUG1,0.00000,-0.27422,0.67200,0.66500,0.00000,ciliated_sars_vs_healthy
TXN,0.00000,1.00640,0.96300,0.95600,0.00000,ciliated_sars_vs_healthy
TXNDC17,0.00000,0.50124,0.91600,0.74900,0.00000,ciliated_sars_vs_healthy
TXNIP,0.00000,-0.64000,0.95800,0.96500,0.00000,ciliated_sars_vs_healthy
TXNL1,0.00000,0.29559,0.84800,0.63400,0.00000,ciliated_sars_vs_healthy
TXNL4A,0.00000,0.27232,0.83000,0.57700,0.00000,ciliated_sars_vs_healthy
TYMP,0.00000,0.61847,0.87900,0.67900,0.00000,ciliated_sars_vs_healthy
U47924.27,0.00000,0.35884,0.68300,0.28200,0.00000,ciliated_sars_vs_healthy
UBB,0.00000,0.37278,0.93000,0.91300,0.00000,ciliated_sars_vs_healthy
UBE2G2,0.00000,-0.36155,0.72600,0.69300,0.00000,ciliated_sars_vs_healthy
UBE2L6,0.00000,0.41988,0.75900,0.37300,0.00000,ciliated_sars_vs_healthy
UBL5,0.00000,0.38877,0.92100,0.87600,0.00000,ciliated_sars_vs_healthy
UBN2,0.00000,-0.26152,0.54800,0.51400,0.02296,ciliated_sars_vs_healthy
UBR5,0.00000,-0.27990,0.73500,0.69000,0.00000,ciliated_sars_vs_healthy
UBTF,0.00000,-0.27721,0.63200,0.59900,0.00000,ciliated_sars_vs_healthy
UCP2,0.00000,0.50296,0.72000,0.28900,0.00000,ciliated_sars_vs_healthy
UNC5B-AS1,0.00000,0.37252,0.70100,0.35500,0.00000,ciliated_sars_vs_healthy
UQCR10,0.00000,0.68476,0.93300,0.83400,0.00000,ciliated_sars_vs_healthy
UQCR11.1,0.00000,0.71348,0.90400,0.81300,0.00000,ciliated_sars_vs_healthy
UQCRFS1,0.00000,0.38531,0.87000,0.60100,0.00000,ciliated_sars_vs_healthy
UQCRQ,0.00000,0.51277,0.93900,0.88200,0.00000,ciliated_sars_vs_healthy
USMG5,0.00000,0.74818,0.92500,0.80000,0.00000,ciliated_sars_vs_healthy
USP34,0.00000,-0.28985,0.84600,0.78500,0.00000,ciliated_sars_vs_healthy
UTRN,0.00000,-0.28092,0.59500,0.57700,0.00000,ciliated_sars_vs_healthy
VAMP5,0.00000,0.85915,0.75600,0.36600,0.00000,ciliated_sars_vs_healthy
VAMP8,0.00000,0.92313,0.96000,0.90300,0.00000,ciliated_sars_vs_healthy
VAV3,0.00000,-0.33398,0.23500,0.34400,0.00000,ciliated_sars_vs_healthy
VDAC1,0.00000,0.53404,0.94400,0.81500,0.00000,ciliated_sars_vs_healthy
VGLL1,0.00000,0.37319,0.53900,0.12500,0.00000,ciliated_sars_vs_healthy
VMO1,0.00000,0.53285,0.94800,0.89300,0.00000,ciliated_sars_vs_healthy
VPS13A,0.00000,-0.30210,0.71900,0.68200,0.00001,ciliated_sars_vs_healthy
VPS29,0.00000,0.28920,0.88600,0.67700,0.00000,ciliated_sars_vs_healthy
VPS36,0.00012,-0.30937,0.72800,0.62500,1.00000,ciliated_sars_vs_healthy
VSIG2,0.00000,0.98682,0.91300,0.60800,0.00000,ciliated_sars_vs_healthy
VTI1B,0.00000,0.31709,0.79900,0.46900,0.00000,ciliated_sars_vs_healthy
WARS,0.00000,0.53917,0.74100,0.45400,0.00000,ciliated_sars_vs_healthy
WBP5,0.00000,0.31016,0.69900,0.33900,0.00000,ciliated_sars_vs_healthy
WDR26,0.00000,-0.28570,0.67000,0.62700,0.00000,ciliated_sars_vs_healthy
WDR83OS,0.00000,0.35405,0.88000,0.72500,0.00000,ciliated_sars_vs_healthy
WFDC2,0.00000,1.00580,0.99100,0.98500,0.00000,ciliated_sars_vs_healthy
WFDC3,0.00000,0.25614,0.43100,0.08700,0.00000,ciliated_sars_vs_healthy
WNK1,0.00000,-0.26049,0.74800,0.68500,0.00000,ciliated_sars_vs_healthy
WSB1,0.00000,-0.27444,0.84600,0.78900,0.00000,ciliated_sars_vs_healthy
XBP1,0.00000,0.80443,0.97000,0.89000,0.00000,ciliated_sars_vs_healthy
XIST,0.00000,-2.67511,0.07600,0.70800,0.00000,ciliated_sars_vs_healthy
YBX3,0.00000,-0.54334,0.89500,0.87700,0.00000,ciliated_sars_vs_healthy
YIF1A,0.00000,0.38291,0.82200,0.51300,0.00000,ciliated_sars_vs_healthy
ZBTB44,0.00000,-0.34210,0.64000,0.63100,0.00000,ciliated_sars_vs_healthy
ZC3H13,0.00000,-0.32267,0.75600,0.70300,0.00000,ciliated_sars_vs_healthy
ZC3H6,0.00000,-0.32990,0.49200,0.51500,0.00000,ciliated_sars_vs_healthy
ZCCHC11,0.00000,-0.33027,0.58600,0.59900,0.00000,ciliated_sars_vs_healthy
ZFAND5,0.00000,-0.29532,0.87300,0.85400,0.00000,ciliated_sars_vs_healthy
ZFP36,0.00000,-0.52305,0.67900,0.65500,0.00000,ciliated_sars_vs_healthy
ZFP36L1,0.00000,-0.99321,0.92400,0.92700,0.00000,ciliated_sars_vs_healthy
ZG16B,0.00000,0.87036,0.85100,0.47600,0.00000,ciliated_sars_vs_healthy
ZMYM2,0.00000,-0.26258,0.73400,0.69900,0.00000,ciliated_sars_vs_healthy
ZNF292,0.00000,-0.37814,0.77800,0.73500,0.00000,ciliated_sars_vs_healthy
ZNF326,0.00000,-0.35520,0.85900,0.80100,0.00000,ciliated_sars_vs_healthy
ZNF428,0.00000,0.31286,0.92300,0.79000,0.00000,ciliated_sars_vs_healthy
ZNF638,0.00000,-0.34351,0.79200,0.75500,0.00000,ciliated_sars_vs_healthy
ZNF644,0.00000,-0.28797,0.74700,0.68700,0.00000,ciliated_sars_vs_healthy
ZNF703,0.00000,-0.36224,0.45400,0.52400,0.00000,ciliated_sars_vs_healthy
ZNF91,0.00000,-0.38736,0.74400,0.71300,0.00000,ciliated_sars_vs_healthy
ZNHIT1,0.00000,0.39857,0.89400,0.70100,0.00000,ciliated_sars_vs_healthy